#
# A fatal error has been detected by the Java Runtime Environment:
#
#  SIGSEGV (0xb) at pc=0x0000707c293c5c1d, pid=57679, tid=57709
#
# JRE version: OpenJDK Runtime Environment (21.0.11+10) (build 21.0.11+10-1-24.04.2-Ubuntu)
# Java VM: OpenJDK 64-Bit Server VM (21.0.11+10-1-24.04.2-Ubuntu, mixed mode, sharing, tiered, compressed oops, compressed class ptrs, g1 gc, linux-amd64)
# Problematic frame:
# V  [libjvm.so+0xdc5c1d]  SharedRuntime::generate_class_cast_message(Klass*, Klass*, Symbol*)+0x5d
#
# Core dump will be written. Default location: Core dumps may be processed with "/usr/share/apport/apport -p%p -s%s -c%c -d%d -P%P -u%u -g%g -F%F -- %E" (or dumping to /home/abel/Desktop/PROJECTS/2026-projects/hms/hospital-management-system/core.57679)
#
# If you would like to submit a bug report, please visit:
#   https://bugs.launchpad.net/ubuntu/+source/openjdk-21
#

---------------  S U M M A R Y ------------

Command Line: -Djansi.mode=force -Dclassworlds.conf=/usr/share/maven/bin/m2.conf -Dmaven.home=/usr/share/maven -Dlibrary.jansi.path=/usr/share/maven/lib/jansi-native -Dmaven.multiModuleProjectDirectory=/home/abel/Desktop/PROJECTS/2026-projects/hms/hospital-management-system org.codehaus.plexus.classworlds.launcher.Launcher clean install -DskipTests

Host: Intel(R) Core(TM) i7-8650U CPU @ 1.90GHz, 8 cores, 31G, Ubuntu 24.04.4 LTS
Time: Thu Jun 25 23:14:58 2026 EAT elapsed time: 88.541787 seconds (0d 0h 1m 28s)

---------------  T H R E A D  ---------------

Current thread (0x0000707c20019c50):  JavaThread "main"             [_thread_in_vm, id=57709, stack(0x0000707c28100000,0x0000707c28200000) (1024K)]

Stack: [0x0000707c28100000,0x0000707c28200000],  sp=0x0000707c281fb9a0,  free space=1006k
Native frames: (J=compiled Java code, j=interpreted, Vv=VM code, C=native code)
V  [libjvm.so+0xdc5c1d]  SharedRuntime::generate_class_cast_message(Klass*, Klass*, Symbol*)+0x5d
V  [libjvm.so+0xdc88b0]  SharedRuntime::generate_class_cast_message(JavaThread*, Klass*)+0xf0
V  [libjvm.so+0x565e2f]  Runtime1::throw_class_cast_exception(JavaThread*, oopDesc*)+0x6f
v  ~RuntimeStub::throw_class_cast_exception Runtime1 stub 0x0000707c0fe48a60
J 6771 c1 com.sun.tools.javac.comp.Annotate.flush()V jdk.compiler@21.0.11 (147 bytes) @ 0x0000707c09702d50 [0x0000707c09701d20+0x0000000000001030]
J 6196 c1 com.sun.tools.javac.comp.Annotate.unblockAnnotations()V jdk.compiler@21.0.11 (22 bytes) @ 0x0000707c095a6684 [0x0000707c095a65c0+0x00000000000000c4]
j  com.sun.tools.javac.comp.Annotate.enterDone()V+1 jdk.compiler@21.0.11
j  com.sun.tools.javac.main.JavaCompiler.enterDone()V+9 jdk.compiler@21.0.11
j  com.sun.tools.javac.main.JavaCompiler.enterTrees(Lcom/sun/tools/javac/util/List;)Lcom/sun/tools/javac/util/List;+68 jdk.compiler@21.0.11
j  com.sun.tools.javac.main.JavaCompiler.compile(Ljava/util/Collection;Ljava/util/Collection;Ljava/lang/Iterable;Ljava/util/Collection;)V+281 jdk.compiler@21.0.11
j  com.sun.tools.javac.api.JavacTaskImpl.lambda$doCall$0()Lcom/sun/tools/javac/main/Main$Result;+45 jdk.compiler@21.0.11
j  com.sun.tools.javac.api.JavacTaskImpl$$Lambda+0x0000707ba42588f8.call()Ljava/lang/Object;+4 jdk.compiler@21.0.11
j  com.sun.tools.javac.api.JavacTaskImpl.invocationHelper(Ljava/util/concurrent/Callable;)Lcom/sun/tools/javac/util/Pair;+20 jdk.compiler@21.0.11
j  com.sun.tools.javac.api.JavacTaskImpl.doCall()Lcom/sun/tools/javac/main/Main$Result;+7 jdk.compiler@21.0.11
j  com.sun.tools.javac.api.JavacTaskImpl.call()Ljava/lang/Boolean;+1 jdk.compiler@21.0.11
j  org.codehaus.plexus.compiler.javac.JavaxToolsCompiler.compileInProcess([Ljava/lang/String;Lorg/codehaus/plexus/compiler/CompilerConfiguration;[Ljava/lang/String;)Lorg/codehaus/plexus/compiler/CompilerResult;+136
j  org.codehaus.plexus.compiler.javac.JavacCompiler.performCompile(Lorg/codehaus/plexus/compiler/CompilerConfiguration;)Lorg/codehaus/plexus/compiler/CompilerResult;+137
j  org.apache.maven.plugin.compiler.AbstractCompilerMojo.executeReal()V+3434
j  org.apache.maven.plugin.compiler.AbstractCompilerMojo.execute()V+1
j  org.apache.maven.plugin.compiler.CompilerMojo.execute()V+44
j  org.apache.maven.plugin.DefaultBuildPluginManager.executeMojo(Lorg/apache/maven/execution/MavenSession;Lorg/apache/maven/plugin/MojoExecution;)V+152
j  org.apache.maven.lifecycle.internal.MojoExecutor.doExecute2(Lorg/apache/maven/execution/MavenSession;Lorg/apache/maven/plugin/MojoExecution;)V+20
j  org.apache.maven.lifecycle.internal.MojoExecutor.doExecute(Lorg/apache/maven/execution/MavenSession;Lorg/apache/maven/plugin/MojoExecution;Lorg/apache/maven/lifecycle/internal/ProjectIndex;Lorg/apache/maven/lifecycle/internal/DependencyContext;)V+40
j  org.apache.maven.lifecycle.internal.MojoExecutor.execute(Lorg/apache/maven/execution/MavenSession;Lorg/apache/maven/plugin/MojoExecution;Lorg/apache/maven/lifecycle/internal/ProjectIndex;Lorg/apache/maven/lifecycle/internal/DependencyContext;)V+183
j  org.apache.maven.lifecycle.internal.MojoExecutor.execute(Lorg/apache/maven/execution/MavenSession;Lorg/apache/maven/plugin/MojoExecution;Lorg/apache/maven/lifecycle/internal/ProjectIndex;Lorg/apache/maven/lifecycle/internal/DependencyContext;Lorg/apache/maven/lifecycle/internal/PhaseRecorder;)V+6
j  org.apache.maven.lifecycle.internal.MojoExecutor.execute(Lorg/apache/maven/execution/MavenSession;Ljava/util/List;Lorg/apache/maven/lifecycle/internal/ProjectIndex;)V+60
j  org.apache.maven.lifecycle.internal.LifecycleModuleBuilder.buildProject(Lorg/apache/maven/execution/MavenSession;Lorg/apache/maven/execution/MavenSession;Lorg/apache/maven/lifecycle/internal/ReactorContext;Lorg/apache/maven/project/MavenProject;Lorg/apache/maven/lifecycle/internal/TaskSegment;)V+179
j  org.apache.maven.lifecycle.internal.LifecycleModuleBuilder.buildProject(Lorg/apache/maven/execution/MavenSession;Lorg/apache/maven/lifecycle/internal/ReactorContext;Lorg/apache/maven/project/MavenProject;Lorg/apache/maven/lifecycle/internal/TaskSegment;)V+7
j  org.apache.maven.lifecycle.internal.builder.singlethreaded.SingleThreadedBuilder.build(Lorg/apache/maven/execution/MavenSession;Lorg/apache/maven/lifecycle/internal/ReactorContext;Lorg/apache/maven/lifecycle/internal/ProjectBuildList;Ljava/util/List;Lorg/apache/maven/lifecycle/internal/ReactorBuildStatus;)V+77
j  org.apache.maven.lifecycle.internal.LifecycleStarter.execute(Lorg/apache/maven/execution/MavenSession;)V+348
j  org.apache.maven.DefaultMaven.doExecute(Lorg/apache/maven/execution/MavenExecutionRequest;Lorg/apache/maven/execution/MavenSession;Lorg/apache/maven/execution/MavenExecutionResult;Lorg/eclipse/aether/DefaultRepositorySystemSession;)Lorg/apache/maven/execution/MavenExecutionResult;+418
j  org.apache.maven.DefaultMaven.doExecute(Lorg/apache/maven/execution/MavenExecutionRequest;)Lorg/apache/maven/execution/MavenExecutionResult;+98
j  org.apache.maven.DefaultMaven.execute(Lorg/apache/maven/execution/MavenExecutionRequest;)Lorg/apache/maven/execution/MavenExecutionResult;+2
j  org.apache.maven.cli.MavenCli.execute(Lorg/apache/maven/cli/CliRequest;)I+27
j  org.apache.maven.cli.MavenCli.doMain(Lorg/apache/maven/cli/CliRequest;)I+71
j  org.apache.maven.cli.MavenCli.main([Ljava/lang/String;Lorg/codehaus/plexus/classworlds/ClassWorld;)I+24
j  java.lang.invoke.DirectMethodHandle$Holder.invokeStatic(Ljava/lang/Object;Ljava/lang/Object;Ljava/lang/Object;)I+11 java.base@21.0.11
j  java.lang.invoke.LambdaForm$MH+0x0000707ba4008400.invoke(Ljava/lang/Object;Ljava/lang/Object;Ljava/lang/Object;Ljava/lang/Object;)Ljava/lang/Object;+54 java.base@21.0.11
j  java.lang.invoke.LambdaForm$MH+0x0000707ba4008800.invokeExact_MT(Ljava/lang/Object;Ljava/lang/Object;Ljava/lang/Object;Ljava/lang/Object;Ljava/lang/Object;)Ljava/lang/Object;+22 java.base@21.0.11
j  jdk.internal.reflect.DirectMethodHandleAccessor.invokeImpl(Ljava/lang/Object;[Ljava/lang/Object;)Ljava/lang/Object;+72 java.base@21.0.11
j  jdk.internal.reflect.DirectMethodHandleAccessor.invoke(Ljava/lang/Object;[Ljava/lang/Object;)Ljava/lang/Object;+23 java.base@21.0.11
j  java.lang.reflect.Method.invoke(Ljava/lang/Object;[Ljava/lang/Object;)Ljava/lang/Object;+102 java.base@21.0.11
j  org.codehaus.plexus.classworlds.launcher.Launcher.launchEnhanced([Ljava/lang/String;)V+45
j  org.codehaus.plexus.classworlds.launcher.Launcher.launch([Ljava/lang/String;)V+2
j  org.codehaus.plexus.classworlds.launcher.Launcher.mainWithExitCode([Ljava/lang/String;)I+108
j  org.codehaus.plexus.classworlds.launcher.Launcher.main([Ljava/lang/String;)V+1
v  ~StubRoutines::call_stub 0x0000707c0fd37cc6
V  [libjvm.so+0x91456a]  JavaCalls::call_helper(JavaValue*, methodHandle const&, JavaCallArguments*, JavaThread*)+0x2da
V  [libjvm.so+0x9b951d]  jni_invoke_static(JNIEnv_*, JavaValue*, _jobject*, JNICallType, _jmethodID*, JNI_ArgumentPusher*, JavaThread*) [clone .constprop.1]+0x35d
V  [libjvm.so+0x9cca82]  jni_CallStaticVoidMethod+0x252
C  [libjli.so+0x55be]  JavaMain+0xfde
C  [libjli.so+0x846d]  ThreadJavaMain+0xd
C  [libc.so.6+0x9caa4]
Java frames: (J=compiled Java code, j=interpreted, Vv=VM code)
v  ~RuntimeStub::throw_class_cast_exception Runtime1 stub 0x0000707c0fe48a60
J 6771 c1 com.sun.tools.javac.comp.Annotate.flush()V jdk.compiler@21.0.11 (147 bytes) @ 0x0000707c09702d50 [0x0000707c09701d20+0x0000000000001030]
J 6196 c1 com.sun.tools.javac.comp.Annotate.unblockAnnotations()V jdk.compiler@21.0.11 (22 bytes) @ 0x0000707c095a6684 [0x0000707c095a65c0+0x00000000000000c4]
j  com.sun.tools.javac.comp.Annotate.enterDone()V+1 jdk.compiler@21.0.11
j  com.sun.tools.javac.main.JavaCompiler.enterDone()V+9 jdk.compiler@21.0.11
j  com.sun.tools.javac.main.JavaCompiler.enterTrees(Lcom/sun/tools/javac/util/List;)Lcom/sun/tools/javac/util/List;+68 jdk.compiler@21.0.11
j  com.sun.tools.javac.main.JavaCompiler.compile(Ljava/util/Collection;Ljava/util/Collection;Ljava/lang/Iterable;Ljava/util/Collection;)V+281 jdk.compiler@21.0.11
j  com.sun.tools.javac.api.JavacTaskImpl.lambda$doCall$0()Lcom/sun/tools/javac/main/Main$Result;+45 jdk.compiler@21.0.11
j  com.sun.tools.javac.api.JavacTaskImpl$$Lambda+0x0000707ba42588f8.call()Ljava/lang/Object;+4 jdk.compiler@21.0.11
j  com.sun.tools.javac.api.JavacTaskImpl.invocationHelper(Ljava/util/concurrent/Callable;)Lcom/sun/tools/javac/util/Pair;+20 jdk.compiler@21.0.11
j  com.sun.tools.javac.api.JavacTaskImpl.doCall()Lcom/sun/tools/javac/main/Main$Result;+7 jdk.compiler@21.0.11
j  com.sun.tools.javac.api.JavacTaskImpl.call()Ljava/lang/Boolean;+1 jdk.compiler@21.0.11
j  org.codehaus.plexus.compiler.javac.JavaxToolsCompiler.compileInProcess([Ljava/lang/String;Lorg/codehaus/plexus/compiler/CompilerConfiguration;[Ljava/lang/String;)Lorg/codehaus/plexus/compiler/CompilerResult;+136
j  org.codehaus.plexus.compiler.javac.JavacCompiler.performCompile(Lorg/codehaus/plexus/compiler/CompilerConfiguration;)Lorg/codehaus/plexus/compiler/CompilerResult;+137
j  org.apache.maven.plugin.compiler.AbstractCompilerMojo.executeReal()V+3434
j  org.apache.maven.plugin.compiler.AbstractCompilerMojo.execute()V+1
j  org.apache.maven.plugin.compiler.CompilerMojo.execute()V+44
j  org.apache.maven.plugin.DefaultBuildPluginManager.executeMojo(Lorg/apache/maven/execution/MavenSession;Lorg/apache/maven/plugin/MojoExecution;)V+152
j  org.apache.maven.lifecycle.internal.MojoExecutor.doExecute2(Lorg/apache/maven/execution/MavenSession;Lorg/apache/maven/plugin/MojoExecution;)V+20
j  org.apache.maven.lifecycle.internal.MojoExecutor.doExecute(Lorg/apache/maven/execution/MavenSession;Lorg/apache/maven/plugin/MojoExecution;Lorg/apache/maven/lifecycle/internal/ProjectIndex;Lorg/apache/maven/lifecycle/internal/DependencyContext;)V+40
j  org.apache.maven.lifecycle.internal.MojoExecutor.execute(Lorg/apache/maven/execution/MavenSession;Lorg/apache/maven/plugin/MojoExecution;Lorg/apache/maven/lifecycle/internal/ProjectIndex;Lorg/apache/maven/lifecycle/internal/DependencyContext;)V+183
j  org.apache.maven.lifecycle.internal.MojoExecutor.execute(Lorg/apache/maven/execution/MavenSession;Lorg/apache/maven/plugin/MojoExecution;Lorg/apache/maven/lifecycle/internal/ProjectIndex;Lorg/apache/maven/lifecycle/internal/DependencyContext;Lorg/apache/maven/lifecycle/internal/PhaseRecorder;)V+6
j  org.apache.maven.lifecycle.internal.MojoExecutor.execute(Lorg/apache/maven/execution/MavenSession;Ljava/util/List;Lorg/apache/maven/lifecycle/internal/ProjectIndex;)V+60
j  org.apache.maven.lifecycle.internal.LifecycleModuleBuilder.buildProject(Lorg/apache/maven/execution/MavenSession;Lorg/apache/maven/execution/MavenSession;Lorg/apache/maven/lifecycle/internal/ReactorContext;Lorg/apache/maven/project/MavenProject;Lorg/apache/maven/lifecycle/internal/TaskSegment;)V+179
j  org.apache.maven.lifecycle.internal.LifecycleModuleBuilder.buildProject(Lorg/apache/maven/execution/MavenSession;Lorg/apache/maven/lifecycle/internal/ReactorContext;Lorg/apache/maven/project/MavenProject;Lorg/apache/maven/lifecycle/internal/TaskSegment;)V+7
j  org.apache.maven.lifecycle.internal.builder.singlethreaded.SingleThreadedBuilder.build(Lorg/apache/maven/execution/MavenSession;Lorg/apache/maven/lifecycle/internal/ReactorContext;Lorg/apache/maven/lifecycle/internal/ProjectBuildList;Ljava/util/List;Lorg/apache/maven/lifecycle/internal/ReactorBuildStatus;)V+77
j  org.apache.maven.lifecycle.internal.LifecycleStarter.execute(Lorg/apache/maven/execution/MavenSession;)V+348
j  org.apache.maven.DefaultMaven.doExecute(Lorg/apache/maven/execution/MavenExecutionRequest;Lorg/apache/maven/execution/MavenSession;Lorg/apache/maven/execution/MavenExecutionResult;Lorg/eclipse/aether/DefaultRepositorySystemSession;)Lorg/apache/maven/execution/MavenExecutionResult;+418
j  org.apache.maven.DefaultMaven.doExecute(Lorg/apache/maven/execution/MavenExecutionRequest;)Lorg/apache/maven/execution/MavenExecutionResult;+98
j  org.apache.maven.DefaultMaven.execute(Lorg/apache/maven/execution/MavenExecutionRequest;)Lorg/apache/maven/execution/MavenExecutionResult;+2
j  org.apache.maven.cli.MavenCli.execute(Lorg/apache/maven/cli/CliRequest;)I+27
j  org.apache.maven.cli.MavenCli.doMain(Lorg/apache/maven/cli/CliRequest;)I+71
j  org.apache.maven.cli.MavenCli.main([Ljava/lang/String;Lorg/codehaus/plexus/classworlds/ClassWorld;)I+24
j  java.lang.invoke.DirectMethodHandle$Holder.invokeStatic(Ljava/lang/Object;Ljava/lang/Object;Ljava/lang/Object;)I+11 java.base@21.0.11
j  java.lang.invoke.LambdaForm$MH+0x0000707ba4008400.invoke(Ljava/lang/Object;Ljava/lang/Object;Ljava/lang/Object;Ljava/lang/Object;)Ljava/lang/Object;+54 java.base@21.0.11
j  java.lang.invoke.LambdaForm$MH+0x0000707ba4008800.invokeExact_MT(Ljava/lang/Object;Ljava/lang/Object;Ljava/lang/Object;Ljava/lang/Object;Ljava/lang/Object;)Ljava/lang/Object;+22 java.base@21.0.11
j  jdk.internal.reflect.DirectMethodHandleAccessor.invokeImpl(Ljava/lang/Object;[Ljava/lang/Object;)Ljava/lang/Object;+72 java.base@21.0.11
j  jdk.internal.reflect.DirectMethodHandleAccessor.invoke(Ljava/lang/Object;[Ljava/lang/Object;)Ljava/lang/Object;+23 java.base@21.0.11
j  java.lang.reflect.Method.invoke(Ljava/lang/Object;[Ljava/lang/Object;)Ljava/lang/Object;+102 java.base@21.0.11
j  org.codehaus.plexus.classworlds.launcher.Launcher.launchEnhanced([Ljava/lang/String;)V+45
j  org.codehaus.plexus.classworlds.launcher.Launcher.launch([Ljava/lang/String;)V+2
j  org.codehaus.plexus.classworlds.launcher.Launcher.mainWithExitCode([Ljava/lang/String;)I+108
j  org.codehaus.plexus.classworlds.launcher.Launcher.main([Ljava/lang/String;)V+1
v  ~StubRoutines::call_stub 0x0000707c0fd37cc6

siginfo: si_signo: 11 (SIGSEGV), si_code: 1 (SEGV_MAPERR), si_addr: 0x0000000000000088

Registers:
RAX=0x0000000000000000, RBX=0x0000707ba3018058, RCX=0x0000000000000012, RDX=0x0000707c2001a3b8
RSP=0x0000707c281fb9a0, RBP=0x0000707c281fb9f0, RSI=0x0000000000000065, RDI=0x0000707ba3000000
R8 =0x0000707c097030ad, R9 =0x0000000000000000, R10=0x0000707c28b689d0, R11=0x0000707c097030ac
R12=0x0000707ba3000000, R13=0x0000707c2001a3b8, R14=0x0000000000000000, R15=0x0000707c2001a3b0
RIP=0x0000707c293c5c1d, EFLAGS=0x0000000000010202, CSGSFS=0x002b000000000033, ERR=0x0000000000000004
  TRAPNO=0x000000000000000e

XMM[0]=0x0000000000000000 0x0000000000000000
XMM[1]=0x0000000000000000 0x0000000000000000
XMM[2]=0x0000707c09702d50 0x0000707c281fd220
XMM[3]=0x0000000000000000 0x0000707c09701a10
XMM[4]=0x0000707c281fd300 0x0000700000000000
XMM[5]=0x0000707c281fd210 0x0000700000000000
XMM[6]=0x0000000000000000 0x5a0001000000b10a
XMM[7]=0x0000000000000000 0x0000707c0fe48910
XMM[8]=0x0000000000000000 0x000100060000005a
XMM[9]=0x0000000000000000 0x000000061130e2ed
XMM[10]=0x0000000000000000 0x10eed42f00dbb9f1
XMM[11]=0x0000000000000000 0x70732f67726f4c3c
XMM[12]=0x0000000000000000 0xf623122fdace22a9
XMM[13]=0x0000000000000000 0x00000000bb7c6c18
XMM[14]=0x0000000000000000 0x4bb556e255294a23
XMM[15]=0x0000000000000000 0x0000000000000000
  MXCSR=0x00001fa2


Register to memory mapping:

RAX=0x0 is null
RBX=0x0000707ba3018058 is a pointer to class: 
java.lang.Runnable {0x0000707ba3018058}
 - instance size:     2
 - klass size:        64
 - access:            public interface abstract 
 - flags:             rewritten is_shared_boot_class 
 - state:             linked
 - name:              'java/lang/Runnable'
 - super:             'java/lang/Object'
 - sub:               
 - nof implementors:  2
 - arrays:            'java/lang/Runnable'[]
 - methods:           Array<T>(0x0000707ba3bc2400)
 - method ordering:   Array<T>(0x0000707ba3bc23f8)
 - local interfaces:  Array<T>(0x0000707ba3619878)
 - trans. interfaces: Array<T>(0x0000707ba3619878)
 - secondary supers: Array<T>(0x0000707ba36193c8)
 - hash_slot:         52
 - bitmap:            0x0000000000000000
 - constants:         constant pool [11] {0x0000707ba3bc2448} for 'java/lang/Runnable' cache=0x0000707ba342d4d0
 - class loader data:  loader data: 0x0000707c200f69f0 of 'bootstrap'
 - source file:       'Runnable.java'
 - class annotations:       Array<T>(0x0000707ba3bc2508)
 - inner classes:     Array<T>(0x0000707ba3619800)
 - nest members:     Array<T>(0x0000707ba3619800)
 - permitted subclasses:     Array<T>(0x0000707ba3619800)
 - java mirror:       a 'java/lang/Class'{0x000000060ed7d340} = 'java/lang/Runnable'
 - vtable length      5  (start addr: 0x0000707ba3018228)
 - itable length      0 (start addr: 0x0000707ba3018250)
 - ---- static fields (0 words):
 - ---- non-static fields (0 words):
 - non-static oop maps: 
RCX=0x0000000000000012 is an unknown value
RDX=0x0000707c2001a3b8 points into unknown readable memory: 0x6e616c2e6176616a | 6a 61 76 61 2e 6c 61 6e
RSP=0x0000707c281fb9a0 is pointing into the stack for thread: 0x0000707c20019c50
RBP=0x0000707c281fb9f0 is pointing into the stack for thread: 0x0000707c20019c50
RSI=0x0000000000000065 is an unknown value
RDI=0x0000707ba3000000 is pointing into metadata
R8 =0x0000707c097030ad is at entry_point+5005 in (nmethod*)0x0000707c09701a10
Compiled method (c1) 88566 6771   !   3       com.sun.tools.javac.comp.Annotate::flush (147 bytes)
 total in heap  [0x0000707c09701a10,0x0000707c097035c0] = 7088
 relocation     [0x0000707c09701b68,0x0000707c09701d18] = 432
 main code      [0x0000707c09701d20,0x0000707c09702f20] = 4608
 stub code      [0x0000707c09702f20,0x0000707c09702fd0] = 176
 oops           [0x0000707c09702fd0,0x0000707c09702fd8] = 8
 metadata       [0x0000707c09702fd8,0x0000707c09703018] = 64
 scopes data    [0x0000707c09703018,0x0000707c09703110] = 248
 scopes pcs     [0x0000707c09703110,0x0000707c09703390] = 640
 dependencies   [0x0000707c09703390,0x0000707c09703398] = 8
 handler table  [0x0000707c09703398,0x0000707c09703578] = 480
 nul chk table  [0x0000707c09703578,0x0000707c097035c0] = 72
R9 =0x0 is null
R10=0x0000707c28b689d0: <offset 0x00000000005689d0> in /usr/lib/jvm/java-21-openjdk-amd64/lib/server/libjvm.so at 0x0000707c28600000
R11=0x0000707c097030ac is at entry_point+5004 in (nmethod*)0x0000707c09701a10
Compiled method (c1) 88566 6771   !   3       com.sun.tools.javac.comp.Annotate::flush (147 bytes)
 total in heap  [0x0000707c09701a10,0x0000707c097035c0] = 7088
 relocation     [0x0000707c09701b68,0x0000707c09701d18] = 432
 main code      [0x0000707c09701d20,0x0000707c09702f20] = 4608
 stub code      [0x0000707c09702f20,0x0000707c09702fd0] = 176
 oops           [0x0000707c09702fd0,0x0000707c09702fd8] = 8
 metadata       [0x0000707c09702fd8,0x0000707c09703018] = 64
 scopes data    [0x0000707c09703018,0x0000707c09703110] = 248
 scopes pcs     [0x0000707c09703110,0x0000707c09703390] = 640
 dependencies   [0x0000707c09703390,0x0000707c09703398] = 8
 handler table  [0x0000707c09703398,0x0000707c09703578] = 480
 nul chk table  [0x0000707c09703578,0x0000707c097035c0] = 72
R12=0x0000707ba3000000 is pointing into metadata
R13=0x0000707c2001a3b8 points into unknown readable memory: 0x6e616c2e6176616a | 6a 61 76 61 2e 6c 61 6e
R14=0x0 is null
R15=0x0000707c2001a3b0 points into unknown readable memory: 0x0000707c2001a300 | 00 a3 01 20 7c 70 00 00

Top of Stack: (sp=0x0000707c281fb9a0)
0x0000707c281fb9a0:   0000707c20019c50 0000000000000000   P.. |p..........
0x0000707c281fb9b0:   00010101ffffffff 0000000000000032   ........2.......
0x0000707c281fb9c0:   0000707c0fe4b410 0000707ba3000000   ....|p......{p..
0x0000707c281fb9d0:   0000707c29afdce0 0000707ba032d555   ...)|p..U.2.{p..
0x0000707c281fb9e0:   0000707c281fba00 0000707ba3018058   ...(|p..X...{p..
0x0000707c281fb9f0:   0000707c281fcd30 0000707c293c88b0   0..(|p....<)|p..
0x0000707c281fba00:   0000707ba03298c0 0000707c20019c50   ..2.{p..P.. |p..
0x0000707c281fba10:   0000707c281fd220 0000707c09702d50    ..(|p..P-p.|p..
0x0000707c281fba20:   0000707c09701a10 0000000000000000   ..p.|p..........
0x0000707c281fba30:   0000700000000000 0000707c281fd300   .....p.....(|p..
0x0000707c281fba40:   0000707c281fd220 0000707c20019c50    ..(|p..P.. |p..
0x0000707c281fba50:   0000707c281fd208 0000707c281fd20c   ...(|p.....(|p..
0x0000707c281fba60:   0000707c281fd200 0000707c281fd204   ...(|p.....(|p..
0x0000707c281fba70:   0000707c281fd1f8 0000707c281fd1fc   ...(|p.....(|p..
0x0000707c281fba80:   0000707c281fd1f0 0000707c281fd1f4   ...(|p.....(|p..
0x0000707c281fba90:   0000707c2001a788 0000707c2001a3e0   ... |p..... |p..
0x0000707c281fbaa0:   0000707c281fd210 0000707c281fd210   ...(|p.....(|p..
0x0000707c281fbab0:   0000707c281fd1d8 0000707c281fd1dc   ...(|p.....(|p..
0x0000707c281fbac0:   0000707c281fd1d0 0000707c281fd1d4   ...(|p.....(|p..
0x0000707c281fbad0:   0000707c281fd1c8 0000707c281fd1cc   ...(|p.....(|p..
0x0000707c281fbae0:   0000707c281fd1c0 0000707c281fd1c4   ...(|p.....(|p..
0x0000707c281fbaf0:   0000707c281fd1b8 0000707c281fd1bc   ...(|p.....(|p..
0x0000707c281fbb00:   0000707c281fd1b0 0000707c281fd1b4   ...(|p.....(|p..
0x0000707c281fbb10:   0000707c281fd1a8 0000707c281fd1ac   ...(|p.....(|p..
0x0000707c281fbb20:   0000707c281fd1a0 0000707c281fd1a4   ...(|p.....(|p..
0x0000707c281fbb30:   0000707c281fd198 0000707c281fd19c   ...(|p.....(|p..
0x0000707c281fbb40:   0000707c281fd190 0000707c281fd194   ...(|p.....(|p..
0x0000707c281fbb50:   0000707c281fba80 0000707c281fba84   ...(|p.....(|p..
0x0000707c281fbb60:   0000707c29af7818 0000707c281f8510   .x.)|p.....(|p..
0x0000707c281fbb70:   0000000000000001 0000707c281f8510   ...........(|p..
0x0000707c281fbb80:   0000707c20019c50 0000707ba4262a48   P.. |p..H*&.{p..
0x0000707c281fbb90:   0000707c281f8480 0000707c2918ef7b   ...(|p..{..)|p..

Instructions: (pc=0x0000707c293c5c1d)
0x0000707c293c5b1d:   0f 1f 00 ba 01 00 00 00 be 01 00 00 00 48 89 df
0x0000707c293c5b2d:   e8 9e 80 ff ff 8b 83 48 04 00 00 a8 0c 74 ce 48
0x0000707c293c5b3d:   89 df e8 0c 74 b6 ff eb c4 66 2e 0f 1f 84 00 00
0x0000707c293c5b4d:   00 00 00 48 8b 7f 08 e9 2c ff ff ff 0f 1f 80 00
0x0000707c293c5b5d:   00 00 00 48 8d 05 59 13 77 00 45 31 c0 ba 5d 08
0x0000707c293c5b6d:   00 00 48 89 df 48 8d 35 d7 72 3d 00 48 8b 88 00
0x0000707c293c5b7d:   05 00 00 e8 cb d7 9b ff 4c 8b a3 98 01 00 00 49
0x0000707c293c5b8d:   8b 44 24 10 48 83 38 00 0f 85 1b ff ff ff e9 23
0x0000707c293c5b9d:   ff ff ff 48 8d bb c8 04 00 00 e8 64 d8 0d 00 e9
0x0000707c293c5bad:   44 ff ff ff 90 66 66 2e 0f 1f 84 00 00 00 00 00
0x0000707c293c5bbd:   0f 1f 00 f3 0f 1e fa 55 48 89 e5 41 57 41 56 41
0x0000707c293c5bcd:   55 49 89 d5 41 54 49 89 fc 53 48 89 f3 48 83 ec
0x0000707c293c5bdd:   28 e8 dd 8d d8 ff 49 89 c7 48 85 db 0f 84 09 01
0x0000707c293c5bed:   00 00 48 89 df e8 c9 8d d8 ff 4c 89 ff 49 89 c5
0x0000707c293c5bfd:   e8 6e c8 4d ff 4c 89 ef 49 89 c6 e8 63 c8 4d ff
0x0000707c293c5c0d:   4c 89 e7 49 8d 44 06 20 48 89 45 c8 49 8b 04 24
0x0000707c293c5c1d:   ff 90 88 00 00 00 48 89 df 49 89 c6 48 8b 03 ff
0x0000707c293c5c2d:   90 88 00 00 00 31 d2 49 39 c6 0f 84 33 01 00 00
0x0000707c293c5c3d:   31 f6 4c 89 e7 e8 69 8f d8 ff 31 d2 48 89 df 31
0x0000707c293c5c4d:   f6 49 89 c6 e8 5a 8f d8 ff 48 89 c7 48 89 c3 e8
0x0000707c293c5c5d:   0f c8 4d ff 48 c7 45 c0 02 00 00 00 48 8d 0d 63
0x0000707c293c5c6d:   bb 37 00 48 89 c2 4c 89 f7 48 89 55 b0 48 89 4d
0x0000707c293c5c7d:   b8 e8 ed c7 4d ff 48 8b 55 b0 48 8b 4d c0 48 89
0x0000707c293c5c8d:   c6 48 8b 45 c8 48 8d 44 10 03 48 01 c8 48 01 f0
0x0000707c293c5c9d:   be 01 00 00 00 48 89 c7 48 89 45 c8 e8 22 52 fe
0x0000707c293c5cad:   ff 48 8b 4d b8 48 85 c0 48 89 c7 0f 84 92 00 00
0x0000707c293c5cbd:   00 53 4d 89 f1 4d 89 e8 48 8d 15 fc 74 3d 00 51
0x0000707c293c5ccd:   48 8b 75 c8 4c 89 f9 48 89 45 c8 31 c0 e8 41 c9
0x0000707c293c5cdd:   c2 ff 58 48 8b 45 c8 5a 48 8d 65 d8 5b 41 5c 41
0x0000707c293c5ced:   5d 41 5e 41 5f 5d c3 0f 1f 40 00 4c 89 ef e8 30
0x0000707c293c5cfd:   49 17 00 4c 89 ff 49 89 c5 e8 65 c7 4d ff 4c 89
0x0000707c293c5d0d:   ef 48 89 c3 e8 5a c7 4d ff 31 d2 31 f6 4c 89 e7


Stack slot to memory mapping:

stack at sp + 0 slots: 0x0000707c20019c50 is a thread
stack at sp + 1 slots: 0x0 is null
stack at sp + 2 slots: 0x00010101ffffffff is an unknown value
stack at sp + 3 slots: 0x0000000000000032 is an unknown value
stack at sp + 4 slots: 0x0000707c0fe4b410 is at code_begin+-112 in 
[CodeBlob (0x0000707c0fe4b410)]
Framesize: 144
Runtime Stub (0x0000707c0fe4b410): counter_overflow Runtime1 stub
--------------------------------------------------------------------------------
Decoding CodeBlob, name: counter_overflow Runtime1 stub, at  [0x0000707c0fe4b480, 0x0000707c0fe4b660]  480 bytes
[MachCode]
  0x0000707c0fe4b480: 5548 8bec | 4881 ec80 | 0000 0048 | 8944 2478 | 4889 4c24 | 7048 8954 | 2468 4889 | 5c24 6048 
  0x0000707c0fe4b4a0: 896c 2450 | 4889 7424 | 4848 897c | 2440 4c89 | 4424 384c | 894c 2430 | 4c89 5424 | 284c 895c 
  0x0000707c0fe4b4c0: 2420 4c89 | 6424 184c | 896c 2410 | 4c89 7424 | 084c 893c | 2448 81ec | f003 0000 | c5fb 1144 
  0x0000707c0fe4b4e0: 2408 c5fb | 114c 2410 | c5fb 1154 | 2418 c5fb | 115c 2420 | c5fb 1164 | 2428 c5fb | 116c 2430 
  0x0000707c0fe4b500: c5fb 1174 | 2438 c5fb | 117c 2440 | c57b 1144 | 2448 c57b | 114c 2450 | c57b 1154 | 2458 c57b 
  0x0000707c0fe4b520: 115c 2460 | c57b 1164 | 2468 c57b | 116c 2470 | c57b 1174 | 2478 c57b | 11bc 2480 | 0000 008b 
  0x0000707c0fe4b540: 4510 488b | 5d18 488b | f048 8bd3 | 498b ffc5 | f877 4989 | afb0 0300 | 0049 89a7 | a003 0000 
  0x0000707c0fe4b560: e8eb b2d1 | 1849 c787 | a003 0000 | 0000 0000 | 49c7 87b0 | 0300 0000 | 0000 0049 | c787 a803 
  0x0000707c0fe4b580: 0000 0000 | 0000 c5f8 | 7749 837f | 0800 0f84 | 0900 0000 | 498b 4708 | e9e3 a3ff | ffc5 fb10 
  0x0000707c0fe4b5a0: 4424 08c5 | fb10 4c24 | 10c5 fb10 | 5424 18c5 | fb10 5c24 | 20c5 fb10 | 6424 28c5 | fb10 6c24 
  0x0000707c0fe4b5c0: 30c5 fb10 | 7424 38c5 | fb10 7c24 | 40c5 7b10 | 4424 48c5 | 7b10 4c24 | 50c5 7b10 | 5424 58c5 
  0x0000707c0fe4b5e0: 7b10 5c24 | 60c5 7b10 | 6424 68c5 | 7b10 6c24 | 70c5 7b10 | 7424 78c5 | 7b10 bc24 | 8000 0000 
  0x0000707c0fe4b600: 4881 c4f0 | 0300 004c | 8b3c 244c | 8b74 2408 | 4c8b 6c24 | 104c 8b64 | 2418 4c8b | 5c24 204c 
  0x0000707c0fe4b620: 8b54 2428 | 4c8b 4c24 | 304c 8b44 | 2438 488b | 7c24 4048 | 8b74 2448 | 488b 6c24 | 5048 8b5c 
  0x0000707c0fe4b640: 2460 488b | 5424 6848 | 8b4c 2470 | 488b 4424 | 7848 81c4 | 8000 0000 | c9c3 660f | 1f44 0000 
[/MachCode]
--------------------------------------------------------------------------------
stack at sp + 5 slots: 0x0000707ba3000000 is pointing into metadata
stack at sp + 6 slots: 0x0000707c29afdce0: <offset 0x00000000014fdce0> in /usr/lib/jvm/java-21-openjdk-amd64/lib/server/libjvm.so at 0x0000707c28600000
stack at sp + 7 slots: 0x0000707ba032d555 is pointing into metadata

--------------------------------------------------------------------------------
Decoding CodeBlob, name: throw_class_cast_exception Runtime1 stub, at  [0x0000707c0fe48980, 0x0000707c0fe48ab0]  304 bytes
[MachCode]
  0x0000707c0fe48980: 5548 8bec | 4881 ec80 | 0000 0048 | 8944 2478 | 4889 4c24 | 7048 8954 | 2468 4889 | 5c24 6048 
  0x0000707c0fe489a0: 896c 2450 | 4889 7424 | 4848 897c | 2440 4c89 | 4424 384c | 894c 2430 | 4c89 5424 | 284c 895c 
  0x0000707c0fe489c0: 2420 4c89 | 6424 184c | 896c 2410 | 4c89 7424 | 084c 893c | 2448 81ec | f003 0000 | c5fb 1144 
  0x0000707c0fe489e0: 2408 c5fb | 114c 2410 | c5fb 1154 | 2418 c5fb | 115c 2420 | c5fb 1164 | 2428 c5fb | 116c 2430 
  0x0000707c0fe48a00: c5fb 1174 | 2438 c5fb | 117c 2440 | c57b 1144 | 2448 c57b | 114c 2450 | c57b 1154 | 2458 c57b 
  0x0000707c0fe48a20: 115c 2460 | c57b 1164 | 2468 c57b | 116c 2470 | c57b 1174 | 2478 c57b | 11bc 2480 | 0000 0048 
  0x0000707c0fe48a40: 8b75 1048 | 8b55 1849 | 8bff c5f8 | 7749 89af | b003 0000 | 4989 a7a0 | 0300 00e8 | 60d3 d118 
  0x0000707c0fe48a60: 49c7 87a0 | 0300 0000 | 0000 0049 | c787 b003 | 0000 0000 | 0000 49c7 | 87a8 0300 | 0000 0000 
  0x0000707c0fe48a80: 00c5 f877 | 4983 7f08 | 000f 8409 | 0000 0049 | 8b47 08e9 | e8ce ffff | 48bf 5321 | 7229 7c70 
  0x0000707c0fe48aa0: 0000 4883 | e4f0 e895 | 403b 19f4 | c9c3 6690 
[/MachCode]
--------------------------------------------------------------------------------


Compiled method (c1) 88584 6771   !   3       com.sun.tools.javac.comp.Annotate::flush (147 bytes)
 total in heap  [0x0000707c09701a10,0x0000707c097035c0] = 7088
 relocation     [0x0000707c09701b68,0x0000707c09701d18] = 432
 main code      [0x0000707c09701d20,0x0000707c09702f20] = 4608
 stub code      [0x0000707c09702f20,0x0000707c09702fd0] = 176
 oops           [0x0000707c09702fd0,0x0000707c09702fd8] = 8
 metadata       [0x0000707c09702fd8,0x0000707c09703018] = 64
 scopes data    [0x0000707c09703018,0x0000707c09703110] = 248
 scopes pcs     [0x0000707c09703110,0x0000707c09703390] = 640
 dependencies   [0x0000707c09703390,0x0000707c09703398] = 8
 handler table  [0x0000707c09703398,0x0000707c09703578] = 480
 nul chk table  [0x0000707c09703578,0x0000707c097035c0] = 72

[Constant Pool (empty)]

[MachCode]
[Entry Point]
  # {method} {0x0000707ba032d5f8} 'flush' '()V' in 'com/sun/tools/javac/comp/Annotate'
  #           [sp+0x50]  (sp of caller)
  0x0000707c09701d20: 448b 5608 | 49bb 0000 | 00a3 7b70 | 0000 4d03 | d34c 3bd0 

  0x0000707c09701d34: ;   {runtime_call ic_miss_stub}
  0x0000707c09701d34: 0f85 4633 | 6806 660f | 1f44 0000 
[Verified Entry Point]
  0x0000707c09701d40: 8984 2400 | c0fe ff55 | 4883 ec40 | 4181 7f20 | 0300 0000 

  0x0000707c09701d54: ;   {runtime_call StubRoutines (final stubs)}
  0x0000707c09701d54: 7405 e845 | 9766 0648 | 8974 2430 

  0x0000707c09701d60: ;   {metadata(method data for {method} {0x0000707ba032d5f8} 'flush' '()V' in 'com/sun/tools/javac/comp/Annotate')}
  0x0000707c09701d60: 48bf d883 | 74a0 7b70 | 0000 8b9f | f400 0000 | 83c3 0289 | 9ff4 0000 | 0081 e3fe | 0700 0085 
  0x0000707c09701d80: db0f 8416 | 0f00 0048 

  0x0000707c09701d88: ;   {metadata(method data for {method} {0x0000707ba032d5f8} 'flush' '()V' in 'com/sun/tools/javac/comp/Annotate')}
  0x0000707c09701d88: 8bfe 48bb | d883 74a0 | 7b70 0000 | 4883 8350 | 0100 0001 

  0x0000707c09701d9c: ;   {metadata(method data for {method} {0x0000707ba032d128} 'annotationsBlocked' '()Z' in 'com/sun/tools/javac/comp/Annotate')}
  0x0000707c09701d9c: 48bf a019 | 7da0 7b70 | 0000 8b9f | f400 0000 | 83c3 0289 | 9ff4 0000 | 0081 e3fe | ff1f 0085 
  0x0000707c09701dbc: db0f 84fb | 0e00 008b | 7e0c 85ff 

  0x0000707c09701dc8: ;   {metadata(method data for {method} {0x0000707ba032d128} 'annotationsBlocked' '()Z' in 'com/sun/tools/javac/comp/Annotate')}
  0x0000707c09701dc8: 48bf a019 | 7da0 7b70 | 0000 48c7 | c338 0100 | 007e 0748 | c7c3 4801 | 0000 488b | 041f 488d 
  0x0000707c09701de8: 4001 4889 | 041f 0f8e | 1a00 0000 

  0x0000707c09701df4: ;   {metadata(method data for {method} {0x0000707ba032d128} 'annotationsBlocked' '()Z' in 'com/sun/tools/javac/comp/Annotate')}
  0x0000707c09701df4: 48bf a019 | 7da0 7b70 | 0000 ff87 | 5801 0000 | bf01 0000 | 00e9 0500 | 0000 bf00 | 0000 0083 
  0x0000707c09701e14: e701 85ff 

  0x0000707c09701e18: ;   {metadata(method data for {method} {0x0000707ba032d5f8} 'flush' '()V' in 'com/sun/tools/javac/comp/Annotate')}
  0x0000707c09701e18: 48bf d883 | 74a0 7b70 | 0000 48c7 | c380 0100 | 0075 0748 | c7c3 7001 | 0000 488b | 041f 488d 
  0x0000707c09701e38: 4001 4889 | 041f 0f85 | dd0d 0000 

  0x0000707c09701e44: ;   {metadata(method data for {method} {0x0000707ba032d5f8} 'flush' '()V' in 'com/sun/tools/javac/comp/Annotate')}
  0x0000707c09701e44: 488b fe48 | bbd8 8374 | a07b 7000 | 0048 8383 | 9001 0000 

  0x0000707c09701e58: ;   {metadata(method data for {method} {0x0000707ba032d6c0} 'isFlushing' '()Z' in 'com/sun/tools/javac/comp/Annotate')}
  0x0000707c09701e58: 0148 bf38 | 1b7d a07b | 7000 008b | 9ff4 0000 | 0083 c302 | 899f f400 | 0000 81e3 | feff 1f00 
  0x0000707c09701e78: 85db 0f84 | 5f0e 0000 | 8b7e 1085 

  0x0000707c09701e84: ;   {metadata(method data for {method} {0x0000707ba032d6c0} 'isFlushing' '()Z' in 'com/sun/tools/javac/comp/Annotate')}
  0x0000707c09701e84: ff48 bb38 | 1b7d a07b | 7000 0048 | c7c0 3801 | 0000 7e07 | 48c7 c048 | 0100 0048 | 8b14 0348 
  0x0000707c09701ea4: 8d52 0148 | 8914 030f | 8e1a 0000 

  0x0000707c09701eb0: ;   {metadata(method data for {method} {0x0000707ba032d6c0} 'isFlushing' '()Z' in 'com/sun/tools/javac/comp/Annotate')}
  0x0000707c09701eb0: 0048 bb38 | 1b7d a07b | 7000 00ff | 8358 0100 | 00bb 0100 | 0000 e905 | 0000 00bb | 0000 0000 
  0x0000707c09701ed0: 83e3 0185 

  0x0000707c09701ed4: ;   {metadata(method data for {method} {0x0000707ba032d5f8} 'flush' '()V' in 'com/sun/tools/javac/comp/Annotate')}
  0x0000707c09701ed4: db48 bbd8 | 8374 a07b | 7000 0048 | c7c0 d801 | 0000 7507 | 48c7 c0c8 | 0100 0048 | 8b14 0348 
  0x0000707c09701ef4: 8d52 0148 | 8914 030f | 850d 0d00 | 0048 8bde 

  0x0000707c09701f04: ;   {metadata(method data for {method} {0x0000707ba032d5f8} 'flush' '()V' in 'com/sun/tools/javac/comp/Annotate')}
  0x0000707c09701f04: 48b8 d883 | 74a0 7b70 | 0000 4883 | 80e8 0100 

  0x0000707c09701f14: ;   {metadata(method data for {method} {0x0000707ba032d780} 'startFlushing' '()V' in 'com/sun/tools/javac/comp/Annotate')}
  0x0000707c09701f14: 0001 48bb | d01c 7da0 | 7b70 0000 | 8b83 f400 | 0000 83c0 | 0289 83f4 | 0000 0025 | feff 1f00 
  0x0000707c09701f34: 85c0 0f84 | c40d 0000 | ffc7 897e | 100f 1f80 | 0000 0000 | 8b7e 5048 | c1e7 0348 | 3b07 488b 
  0x0000707c09701f54: ;   {metadata(method data for {method} {0x0000707ba032d5f8} 'flush' '()V' in 'com/sun/tools/javac/comp/Annotate')}
  0x0000707c09701f54: df48 b8d8 | 8374 a07b 

  0x0000707c09701f5c: ;   {metadata('com/sun/tools/javac/util/ListBuffer')}
  0x0000707c09701f5c: 7000 0049 | bac8 3724 | a47b 7000 | 004c 8990 | 3002 0000 | 4883 8038 | 0200 0001 

  0x0000707c09701f78: ;   {metadata(method data for {method} {0x0000707ba00bb368} 'nonEmpty' '()Z' in 'com/sun/tools/javac/util/ListBuffer')}
  0x0000707c09701f78: 48bb 381e | 7da0 7b70 | 0000 8b83 | f400 0000 | 83c0 0289 | 83f4 0000 | 0025 feff | 1f00 85c0 
  0x0000707c09701f98: 0f84 880d | 0000 8b5f 

  0x0000707c09701fa0: ;   {metadata(method data for {method} {0x0000707ba00bb368} 'nonEmpty' '()Z' in 'com/sun/tools/javac/util/ListBuffer')}
  0x0000707c09701fa0: 0c85 db48 | bb38 1e7d | a07b 7000 | 0048 c7c0 | 3801 0000 | 7407 48c7 | c048 0100 | 0048 8b14 
  0x0000707c09701fc0: 0348 8d52 | 0148 8914 | 030f 841a 

  0x0000707c09701fcc: ;   {metadata(method data for {method} {0x0000707ba00bb368} 'nonEmpty' '()Z' in 'com/sun/tools/javac/util/ListBuffer')}
  0x0000707c09701fcc: 0000 0048 | bb38 1e7d | a07b 7000 | 00ff 8358 | 0100 00bb | 0100 0000 | e905 0000 | 00bb 0000 
  0x0000707c09701fec: 0000 83e3 

  0x0000707c09701ff0: ;   {metadata(method data for {method} {0x0000707ba032d5f8} 'flush' '()V' in 'com/sun/tools/javac/comp/Annotate')}
  0x0000707c09701ff0: 0185 db48 | bbd8 8374 | a07b 7000 | 0048 c7c0 | 5802 0000 | 7407 48c7 | c068 0200 | 0048 8b14 
  0x0000707c09702010: 0348 8d52 | 0148 8914 | 030f 8441 | 0200 0048 

  0x0000707c09702020: ;   {metadata(method data for {method} {0x0000707ba032d5f8} 'flush' '()V' in 'com/sun/tools/javac/comp/Annotate')}
  0x0000707c09702020: 8bdf 48b8 | d883 74a0 | 7b70 0000 

  0x0000707c0970202c: ;   {metadata('com/sun/tools/javac/util/ListBuffer')}
  0x0000707c0970202c: 49ba c837 | 24a4 7b70 | 0000 4c89 | 9088 0200 | 0048 8380 | 9002 0000 | 0148 8bf7 | 0f1f 8000 
  0x0000707c0970204c: ;   {optimized virtual_call}
  0x0000707c0970204c: 0000 00e8 

  0x0000707c09702050: ; ImmutableOopMap {[48]=Oop }
                      ;*invokevirtual next {reexecute=0 rethrow=0 return_oop=0}
                      ; - com.sun.tools.javac.comp.Annotate::flush@34 (line 191)
  0x0000707c09702050: accd 0c00 

  0x0000707c09702054: ;   {other}
  0x0000707c09702054: 0f1f 8400 | 4406 0000 | 4885 c075 

  0x0000707c09702060: ;   {metadata(method data for {method} {0x0000707ba032d5f8} 'flush' '()V' in 'com/sun/tools/javac/comp/Annotate')}
  0x0000707c09702060: 1648 bbd8 | 8374 a07b | 7000 0080 | 8ba9 0200 | 0001 e9e7 

  0x0000707c09702074: ;   {metadata('java/lang/Runnable')}
  0x0000707c09702074: 0000 0048 | be58 8001 | a37b 7000 | 008b 5808 | 49ba 0000 | 00a3 7b70 | 0000 4903 | da48 3b73 
  0x0000707c09702094: 200f 841a | 0000 0048 | 3bde 0f84 | 1100 0000 

  0x0000707c097020a4: ;   {runtime_call slow_subtype_check Runtime1 stub}
  0x0000707c097020a4: 5356 e8d5 | 6e74 065b | 5b85 db0f | 848d 0000 

  0x0000707c097020b4: ;   {metadata(method data for {method} {0x0000707ba032d5f8} 'flush' '()V' in 'com/sun/tools/javac/comp/Annotate')}
  0x0000707c097020b4: 0048 bbd8 | 8374 a07b | 7000 008b | 7008 49ba | 0000 00a3 | 7b70 0000 | 4903 f248 | 3bb3 c002 
  0x0000707c097020d4: 0000 750d | 4883 83c8 | 0200 0001 | e979 0000 | 0048 3bb3 | d002 0000 | 750d 4883 | 83d8 0200 
  0x0000707c097020f4: 0001 e963 | 0000 0048 | 83bb c002 | 0000 0075 | 1748 89b3 | c002 0000 | 48c7 83c8 | 0200 0001 
  0x0000707c09702114: 0000 00e9 | 4200 0000 | 4883 bbd0 | 0200 0000 | 7517 4889 | b3d0 0200 | 0048 c783 | d802 0000 
  0x0000707c09702134: 0100 0000 | e921 0000 | 00e9 1c00 

  0x0000707c09702140: ;   {metadata(method data for {method} {0x0000707ba032d5f8} 'flush' '()V' in 'com/sun/tools/javac/comp/Annotate')}
  0x0000707c09702140: 0000 48bb | d883 74a0 | 7b70 0000 | 4883 abb0 | 0200 0001 | e9ee 0b00 | 00e9 0000 | 0000 488b 
  0x0000707c09702160: f048 3b06 

  0x0000707c09702164: ;   {metadata(method data for {method} {0x0000707ba032d5f8} 'flush' '()V' in 'com/sun/tools/javac/comp/Annotate')}
  0x0000707c09702164: 488b fe48 | bbd8 8374 | a07b 7000 | 008b 7f08 | 49ba 0000 | 00a3 7b70 | 0000 4903 | fa48 3bbb 
  0x0000707c09702184: f802 0000 | 750d 4883 | 8300 0300 | 0001 e960 | 0000 0048 | 3bbb 0803 | 0000 750d | 4883 8310 
  0x0000707c097021a4: 0300 0001 | e94a 0000 | 0048 83bb | f802 0000 | 0075 1748 | 89bb f802 | 0000 48c7 | 8300 0300 
  0x0000707c097021c4: 0001 0000 | 00e9 2900 | 0000 4883 | bb08 0300 | 0000 7517 | 4889 bb08 | 0300 0048 | c783 1003 
  0x0000707c097021e4: 0000 0100 | 0000 e908 | 0000 0048 | 8383 e802 | 0000 0166 | 0f1f 4400 | 0048 b850 | 5d39 217c 
  0x0000707c09702204: ;   {virtual_call}
  0x0000707c09702204: 7000 00e8 

  0x0000707c09702208: ; ImmutableOopMap {[48]=Oop }
                      ;*invokeinterface run {reexecute=0 rethrow=0 return_oop=0}
                      ; - com.sun.tools.javac.comp.Annotate::flush@40 (line 191)
  0x0000707c09702208: a406 7706 

  0x0000707c0970220c: ;   {other}
  0x0000707c0970220c: 0f1f 8400 | fc07 0001 

  0x0000707c09702214: ;   {metadata(method data for {method} {0x0000707ba032d5f8} 'flush' '()V' in 'com/sun/tools/javac/comp/Annotate')}
  0x0000707c09702214: 48be d883 | 74a0 7b70 | 0000 8bbe | f800 0000 | 83c7 0289 | bef8 0000 | 0081 e7fe | 3f00 0085 
  0x0000707c09702234: ff0f 841a | 0b00 004d | 8b97 5804 

  0x0000707c09702240: ; ImmutableOopMap {[48]=Oop }
                      ;*goto {reexecute=1 rethrow=0 return_oop=0}
                      ; - (reexecute) com.sun.tools.javac.comp.Annotate::flush@45 (line 191)
                      ;   {poll}
  0x0000707c09702240: 0000 4185 

  0x0000707c09702244: ;   {metadata(method data for {method} {0x0000707ba032d5f8} 'flush' '()V' in 'com/sun/tools/javac/comp/Annotate')}
  0x0000707c09702244: 0248 bed8 | 8374 a07b | 7000 00ff | 8620 0300 | 0048 8b74 | 2430 e9e9 | fcff ff90 | 8b7e 5848 
  0x0000707c09702264: c1e7 0348 | 3b07 488b 

  0x0000707c0970226c: ;   {metadata(method data for {method} {0x0000707ba032d5f8} 'flush' '()V' in 'com/sun/tools/javac/comp/Annotate')}
  0x0000707c0970226c: df48 b8d8 | 8374 a07b 

  0x0000707c09702274: ;   {metadata('com/sun/tools/javac/util/ListBuffer')}
  0x0000707c09702274: 7000 0049 | bac8 3724 | a47b 7000 | 004c 8990 | 4803 0000 | 4883 8050 | 0300 0001 

  0x0000707c09702290: ;   {metadata(method data for {method} {0x0000707ba00bb368} 'nonEmpty' '()Z' in 'com/sun/tools/javac/util/ListBuffer')}
  0x0000707c09702290: 48bb 381e | 7da0 7b70 | 0000 8b83 | f400 0000 | 83c0 0289 | 83f4 0000 | 0025 feff | 1f00 85c0 
  0x0000707c097022b0: 0f84 c50a | 0000 8b5f 

  0x0000707c097022b8: ;   {metadata(method data for {method} {0x0000707ba00bb368} 'nonEmpty' '()Z' in 'com/sun/tools/javac/util/ListBuffer')}
  0x0000707c097022b8: 0c85 db48 | bb38 1e7d | a07b 7000 | 0048 c7c0 | 3801 0000 | 7407 48c7 | c048 0100 | 0048 8b14 
  0x0000707c097022d8: 0348 8d52 | 0148 8914 | 030f 841a 

  0x0000707c097022e4: ;   {metadata(method data for {method} {0x0000707ba00bb368} 'nonEmpty' '()Z' in 'com/sun/tools/javac/util/ListBuffer')}
  0x0000707c097022e4: 0000 0048 | bb38 1e7d | a07b 7000 | 00ff 8358 | 0100 00bb | 0100 0000 | e905 0000 | 00bb 0000 
  0x0000707c09702304: 0000 83e3 

  0x0000707c09702308: ;   {metadata(method data for {method} {0x0000707ba032d5f8} 'flush' '()V' in 'com/sun/tools/javac/comp/Annotate')}
  0x0000707c09702308: 0185 db48 | bbd8 8374 | a07b 7000 | 0048 c7c0 | 7003 0000 | 7407 48c7 | c080 0300 | 0048 8b14 
  0x0000707c09702328: 0348 8d52 | 0148 8914 | 030f 8441 | 0200 0048 

  0x0000707c09702338: ;   {metadata(method data for {method} {0x0000707ba032d5f8} 'flush' '()V' in 'com/sun/tools/javac/comp/Annotate')}
  0x0000707c09702338: 8bdf 48b8 | d883 74a0 | 7b70 0000 

  0x0000707c09702344: ;   {metadata('com/sun/tools/javac/util/ListBuffer')}
  0x0000707c09702344: 49ba c837 | 24a4 7b70 | 0000 4c89 | 90a0 0300 | 0048 8380 | a803 0000 | 0148 8bf7 | 0f1f 8000 
  0x0000707c09702364: ;   {optimized virtual_call}
  0x0000707c09702364: 0000 00e8 

  0x0000707c09702368: ; ImmutableOopMap {[48]=Oop }
                      ;*invokevirtual next {reexecute=0 rethrow=0 return_oop=0}
                      ; - com.sun.tools.javac.comp.Annotate::flush@62 (line 194)
  0x0000707c09702368: 1430 6806 

  0x0000707c0970236c: ;   {other}
  0x0000707c0970236c: 0f1f 8400 | 5c09 0003 | 4885 c075 

  0x0000707c09702378: ;   {metadata(method data for {method} {0x0000707ba032d5f8} 'flush' '()V' in 'com/sun/tools/javac/comp/Annotate')}
  0x0000707c09702378: 1648 bbd8 | 8374 a07b | 7000 0080 | 8bc1 0300 | 0001 e9e7 

  0x0000707c0970238c: ;   {metadata('java/lang/Runnable')}
  0x0000707c0970238c: 0000 0048 | be58 8001 | a37b 7000 | 008b 5808 | 49ba 0000 | 00a3 7b70 | 0000 4903 | da48 3b73 
  0x0000707c097023ac: 200f 841a | 0000 0048 | 3bde 0f84 | 1100 0000 

  0x0000707c097023bc: ;   {runtime_call slow_subtype_check Runtime1 stub}
  0x0000707c097023bc: 5356 e8bd | 6b74 065b | 5b85 db0f | 848d 0000 

  0x0000707c097023cc: ;   {metadata(method data for {method} {0x0000707ba032d5f8} 'flush' '()V' in 'com/sun/tools/javac/comp/Annotate')}
  0x0000707c097023cc: 0048 bbd8 | 8374 a07b | 7000 008b | 7008 49ba | 0000 00a3 | 7b70 0000 | 4903 f248 | 3bb3 d803 
  0x0000707c097023ec: 0000 750d | 4883 83e0 | 0300 0001 | e979 0000 | 0048 3bb3 | e803 0000 | 750d 4883 | 83f0 0300 
  0x0000707c0970240c: 0001 e963 | 0000 0048 | 83bb d803 | 0000 0075 | 1748 89b3 | d803 0000 | 48c7 83e0 | 0300 0001 
  0x0000707c0970242c: 0000 00e9 | 4200 0000 | 4883 bbe8 | 0300 0000 | 7517 4889 | b3e8 0300 | 0048 c783 | f003 0000 
  0x0000707c0970244c: 0100 0000 | e921 0000 | 00e9 1c00 

  0x0000707c09702458: ;   {metadata(method data for {method} {0x0000707ba032d5f8} 'flush' '()V' in 'com/sun/tools/javac/comp/Annotate')}
  0x0000707c09702458: 0000 48bb | d883 74a0 | 7b70 0000 | 4883 abc8 | 0300 0001 | e92b 0900 | 00e9 0000 | 0000 488b 
  0x0000707c09702478: f048 3b06 

  0x0000707c0970247c: ;   {metadata(method data for {method} {0x0000707ba032d5f8} 'flush' '()V' in 'com/sun/tools/javac/comp/Annotate')}
  0x0000707c0970247c: 488b fe48 | bbd8 8374 | a07b 7000 | 008b 7f08 | 49ba 0000 | 00a3 7b70 | 0000 4903 | fa48 3bbb 
  0x0000707c0970249c: 1004 0000 | 750d 4883 | 8318 0400 | 0001 e960 | 0000 0048 | 3bbb 2004 | 0000 750d | 4883 8328 
  0x0000707c097024bc: 0400 0001 | e94a 0000 | 0048 83bb | 1004 0000 | 0075 1748 | 89bb 1004 | 0000 48c7 | 8318 0400 
  0x0000707c097024dc: 0001 0000 | 00e9 2900 | 0000 4883 | bb20 0400 | 0000 7517 | 4889 bb20 | 0400 0048 | c783 2804 
  0x0000707c097024fc: 0000 0100 | 0000 e908 | 0000 0048 | 8383 0004 | 0000 0166 | 0f1f 4400 | 0048 b8ff | ffff ffff 
  0x0000707c0970251c: ;   {virtual_call}
  0x0000707c0970251c: ffff ffe8 

  0x0000707c09702520: ; ImmutableOopMap {[48]=Oop }
                      ;*invokeinterface run {reexecute=0 rethrow=0 return_oop=0}
                      ; - com.sun.tools.javac.comp.Annotate::flush@68 (line 194)
  0x0000707c09702520: 5c31 6806 

  0x0000707c09702524: ;   {other}
  0x0000707c09702524: 0f1f 8400 | 140b 0004 

  0x0000707c0970252c: ;   {metadata(method data for {method} {0x0000707ba032d5f8} 'flush' '()V' in 'com/sun/tools/javac/comp/Annotate')}
  0x0000707c0970252c: 48be d883 | 74a0 7b70 | 0000 8bbe | f800 0000 | 83c7 0289 | bef8 0000 | 0081 e7fe | 3f00 0085 
  0x0000707c0970254c: ff0f 8457 | 0800 004d | 8b97 5804 

  0x0000707c09702558: ; ImmutableOopMap {[48]=Oop }
                      ;*goto {reexecute=1 rethrow=0 return_oop=0}
                      ; - (reexecute) com.sun.tools.javac.comp.Annotate::flush@73 (line 194)
                      ;   {poll}
  0x0000707c09702558: 0000 4185 

  0x0000707c0970255c: ;   {metadata(method data for {method} {0x0000707ba032d5f8} 'flush' '()V' in 'com/sun/tools/javac/comp/Annotate')}
  0x0000707c0970255c: 0248 bed8 | 8374 a07b | 7000 00ff | 8638 0400 | 0048 8b74 | 2430 e9e9 | fcff ff90 | 8b7e 5c48 
  0x0000707c0970257c: c1e7 0348 | 3b07 488b 

  0x0000707c09702584: ;   {metadata(method data for {method} {0x0000707ba032d5f8} 'flush' '()V' in 'com/sun/tools/javac/comp/Annotate')}
  0x0000707c09702584: df48 b8d8 | 8374 a07b 

  0x0000707c0970258c: ;   {metadata('com/sun/tools/javac/util/ListBuffer')}
  0x0000707c0970258c: 7000 0049 | bac8 3724 | a47b 7000 | 004c 8990 | 6004 0000 | 4883 8068 | 0400 0001 

  0x0000707c097025a8: ;   {metadata(method data for {method} {0x0000707ba00bb368} 'nonEmpty' '()Z' in 'com/sun/tools/javac/util/ListBuffer')}
  0x0000707c097025a8: 48bb 381e | 7da0 7b70 | 0000 8b83 | f400 0000 | 83c0 0289 | 83f4 0000 | 0025 feff | 1f00 85c0 
  0x0000707c097025c8: 0f84 0208 | 0000 8b5f 

  0x0000707c097025d0: ;   {metadata(method data for {method} {0x0000707ba00bb368} 'nonEmpty' '()Z' in 'com/sun/tools/javac/util/ListBuffer')}
  0x0000707c097025d0: 0c85 db48 | bb38 1e7d | a07b 7000 | 0048 c7c0 | 3801 0000 | 7407 48c7 | c048 0100 | 0048 8b14 
  0x0000707c097025f0: 0348 8d52 | 0148 8914 | 030f 841a 

  0x0000707c097025fc: ;   {metadata(method data for {method} {0x0000707ba00bb368} 'nonEmpty' '()Z' in 'com/sun/tools/javac/util/ListBuffer')}
  0x0000707c097025fc: 0000 0048 | bb38 1e7d | a07b 7000 | 00ff 8358 | 0100 00bb | 0100 0000 | e905 0000 | 00bb 0000 
  0x0000707c0970261c: 0000 83e3 

  0x0000707c09702620: ;   {metadata(method data for {method} {0x0000707ba032d5f8} 'flush' '()V' in 'com/sun/tools/javac/comp/Annotate')}
  0x0000707c09702620: 0185 db48 | bbd8 8374 | a07b 7000 | 0048 c7c0 | 8804 0000 | 7407 48c7 | c098 0400 | 0048 8b14 
  0x0000707c09702640: 0348 8d52 | 0148 8914 | 030f 8441 | 0200 0048 

  0x0000707c09702650: ;   {metadata(method data for {method} {0x0000707ba032d5f8} 'flush' '()V' in 'com/sun/tools/javac/comp/Annotate')}
  0x0000707c09702650: 8bdf 48b8 | d883 74a0 | 7b70 0000 

  0x0000707c0970265c: ;   {metadata('com/sun/tools/javac/util/ListBuffer')}
  0x0000707c0970265c: 49ba c837 | 24a4 7b70 | 0000 4c89 | 90b8 0400 | 0048 8380 | c004 0000 | 0148 8bf7 | 0f1f 8000 
  0x0000707c0970267c: ;   {optimized virtual_call}
  0x0000707c0970267c: 0000 00e8 

  0x0000707c09702680: ; ImmutableOopMap {[48]=Oop }
                      ;*invokevirtual next {reexecute=0 rethrow=0 return_oop=0}
                      ; - com.sun.tools.javac.comp.Annotate::flush@90 (line 197)
  0x0000707c09702680: fc2c 6806 

  0x0000707c09702684: ;   {other}
  0x0000707c09702684: 0f1f 8400 | 740c 0006 | 4885 c075 

  0x0000707c09702690: ;   {metadata(method data for {method} {0x0000707ba032d5f8} 'flush' '()V' in 'com/sun/tools/javac/comp/Annotate')}
  0x0000707c09702690: 1648 bbd8 | 8374 a07b | 7000 0080 | 8bd9 0400 | 0001 e9e7 

  0x0000707c097026a4: ;   {metadata('java/lang/Runnable')}
  0x0000707c097026a4: 0000 0048 | be58 8001 | a37b 7000 | 008b 5808 | 49ba 0000 | 00a3 7b70 | 0000 4903 | da48 3b73 
  0x0000707c097026c4: 200f 841a | 0000 0048 | 3bde 0f84 | 1100 0000 

  0x0000707c097026d4: ;   {runtime_call slow_subtype_check Runtime1 stub}
  0x0000707c097026d4: 5356 e8a5 | 6874 065b | 5b85 db0f | 848d 0000 

  0x0000707c097026e4: ;   {metadata(method data for {method} {0x0000707ba032d5f8} 'flush' '()V' in 'com/sun/tools/javac/comp/Annotate')}
  0x0000707c097026e4: 0048 bbd8 | 8374 a07b | 7000 008b | 7008 49ba | 0000 00a3 | 7b70 0000 | 4903 f248 | 3bb3 f004 
  0x0000707c09702704: 0000 750d | 4883 83f8 | 0400 0001 | e979 0000 | 0048 3bb3 | 0005 0000 | 750d 4883 | 8308 0500 
  0x0000707c09702724: 0001 e963 | 0000 0048 | 83bb f004 | 0000 0075 | 1748 89b3 | f004 0000 | 48c7 83f8 | 0400 0001 
  0x0000707c09702744: 0000 00e9 | 4200 0000 | 4883 bb00 | 0500 0000 | 7517 4889 | b300 0500 | 0048 c783 | 0805 0000 
  0x0000707c09702764: 0100 0000 | e921 0000 | 00e9 1c00 

  0x0000707c09702770: ;   {metadata(method data for {method} {0x0000707ba032d5f8} 'flush' '()V' in 'com/sun/tools/javac/comp/Annotate')}
  0x0000707c09702770: 0000 48bb | d883 74a0 | 7b70 0000 | 4883 abe0 | 0400 0001 | e968 0600 | 00e9 0000 | 0000 488b 
  0x0000707c09702790: f048 3b06 

  0x0000707c09702794: ;   {metadata(method data for {method} {0x0000707ba032d5f8} 'flush' '()V' in 'com/sun/tools/javac/comp/Annotate')}
  0x0000707c09702794: 488b fe48 | bbd8 8374 | a07b 7000 | 008b 7f08 | 49ba 0000 | 00a3 7b70 | 0000 4903 | fa48 3bbb 
  0x0000707c097027b4: 2805 0000 | 750d 4883 | 8330 0500 | 0001 e960 | 0000 0048 | 3bbb 3805 | 0000 750d | 4883 8340 
  0x0000707c097027d4: 0500 0001 | e94a 0000 | 0048 83bb | 2805 0000 | 0075 1748 | 89bb 2805 | 0000 48c7 | 8330 0500 
  0x0000707c097027f4: 0001 0000 | 00e9 2900 | 0000 4883 | bb38 0500 | 0000 7517 | 4889 bb38 | 0500 0048 | c783 4005 
  0x0000707c09702814: 0000 0100 | 0000 e908 | 0000 0048 | 8383 1805 | 0000 0166 | 0f1f 4400 | 0048 b8ff | ffff ffff 
  0x0000707c09702834: ;   {virtual_call}
  0x0000707c09702834: ffff ffe8 

  0x0000707c09702838: ; ImmutableOopMap {[48]=Oop }
                      ;*invokeinterface run {reexecute=0 rethrow=0 return_oop=0}
                      ; - com.sun.tools.javac.comp.Annotate::flush@96 (line 197)
  0x0000707c09702838: 442e 6806 

  0x0000707c0970283c: ;   {other}
  0x0000707c0970283c: 0f1f 8400 | 2c0e 0007 

  0x0000707c09702844: ;   {metadata(method data for {method} {0x0000707ba032d5f8} 'flush' '()V' in 'com/sun/tools/javac/comp/Annotate')}
  0x0000707c09702844: 48be d883 | 74a0 7b70 | 0000 8bbe | f800 0000 | 83c7 0289 | bef8 0000 | 0081 e7fe | 3f00 0085 
  0x0000707c09702864: ff0f 8494 | 0500 004d | 8b97 5804 

  0x0000707c09702870: ; ImmutableOopMap {[48]=Oop }
                      ;*goto {reexecute=1 rethrow=0 return_oop=0}
                      ; - (reexecute) com.sun.tools.javac.comp.Annotate::flush@101 (line 197)
                      ;   {poll}
  0x0000707c09702870: 0000 4185 

  0x0000707c09702874: ;   {metadata(method data for {method} {0x0000707ba032d5f8} 'flush' '()V' in 'com/sun/tools/javac/comp/Annotate')}
  0x0000707c09702874: 0248 bed8 | 8374 a07b | 7000 00ff | 8650 0500 | 0048 8b74 | 2430 e9e9 | fcff ff90 | 8b7e 5448 
  0x0000707c09702894: c1e7 0348 | 3b07 488b 

  0x0000707c0970289c: ;   {metadata(method data for {method} {0x0000707ba032d5f8} 'flush' '()V' in 'com/sun/tools/javac/comp/Annotate')}
  0x0000707c0970289c: df48 b8d8 | 8374 a07b 

  0x0000707c097028a4: ;   {metadata('com/sun/tools/javac/util/ListBuffer')}
  0x0000707c097028a4: 7000 0049 | bac8 3724 | a47b 7000 | 004c 8990 | 7805 0000 | 4883 8080 | 0500 0001 

  0x0000707c097028c0: ;   {metadata(method data for {method} {0x0000707ba00bb368} 'nonEmpty' '()Z' in 'com/sun/tools/javac/util/ListBuffer')}
  0x0000707c097028c0: 48bb 381e | 7da0 7b70 | 0000 8b83 | f400 0000 | 83c0 0289 | 83f4 0000 | 0025 feff | 1f00 85c0 
  0x0000707c097028e0: 0f84 3f05 | 0000 8b5f 

  0x0000707c097028e8: ;   {metadata(method data for {method} {0x0000707ba00bb368} 'nonEmpty' '()Z' in 'com/sun/tools/javac/util/ListBuffer')}
  0x0000707c097028e8: 0c85 db48 | bb38 1e7d | a07b 7000 | 0048 c7c0 | 3801 0000 | 7407 48c7 | c048 0100 | 0048 8b14 
  0x0000707c09702908: 0348 8d52 | 0148 8914 | 030f 841a 

  0x0000707c09702914: ;   {metadata(method data for {method} {0x0000707ba00bb368} 'nonEmpty' '()Z' in 'com/sun/tools/javac/util/ListBuffer')}
  0x0000707c09702914: 0000 0048 | bb38 1e7d | a07b 7000 | 00ff 8358 | 0100 00bb | 0100 0000 | e905 0000 | 00bb 0000 
  0x0000707c09702934: 0000 83e3 

  0x0000707c09702938: ;   {metadata(method data for {method} {0x0000707ba032d5f8} 'flush' '()V' in 'com/sun/tools/javac/comp/Annotate')}
  0x0000707c09702938: 0185 db48 | bbd8 8374 | a07b 7000 | 0048 c7c0 | a005 0000 | 7407 48c7 | c0b0 0500 | 0048 8b14 
  0x0000707c09702958: 0348 8d52 | 0148 8914 | 030f 8440 | 0200 0048 

  0x0000707c09702968: ;   {metadata(method data for {method} {0x0000707ba032d5f8} 'flush' '()V' in 'com/sun/tools/javac/comp/Annotate')}
  0x0000707c09702968: 8bdf 48b8 | d883 74a0 | 7b70 0000 

  0x0000707c09702974: ;   {metadata('com/sun/tools/javac/util/ListBuffer')}
  0x0000707c09702974: 49ba c837 | 24a4 7b70 | 0000 4c89 | 90d0 0500 | 0048 8380 | d805 0000 | 0148 8bf7 | 0f1f 8000 
  0x0000707c09702994: ;   {optimized virtual_call}
  0x0000707c09702994: 0000 00e8 

  0x0000707c09702998: ; ImmutableOopMap {[48]=Oop }
                      ;*invokevirtual next {reexecute=0 rethrow=0 return_oop=0}
                      ; - com.sun.tools.javac.comp.Annotate::flush@118 (line 200)
  0x0000707c09702998: e429 6806 

  0x0000707c0970299c: ;   {other}
  0x0000707c0970299c: 0f1f 8400 | 8c0f 0009 | 4885 c075 

  0x0000707c097029a8: ;   {metadata(method data for {method} {0x0000707ba032d5f8} 'flush' '()V' in 'com/sun/tools/javac/comp/Annotate')}
  0x0000707c097029a8: 1648 bbd8 | 8374 a07b | 7000 0080 | 8bf1 0500 | 0001 e9e7 

  0x0000707c097029bc: ;   {metadata('java/lang/Runnable')}
  0x0000707c097029bc: 0000 0048 | be58 8001 | a37b 7000 | 008b 5808 | 49ba 0000 | 00a3 7b70 | 0000 4903 | da48 3b73 
  0x0000707c097029dc: 200f 841a | 0000 0048 | 3bde 0f84 | 1100 0000 

  0x0000707c097029ec: ;   {runtime_call slow_subtype_check Runtime1 stub}
  0x0000707c097029ec: 5356 e88d | 6574 065b | 5b85 db0f | 848d 0000 

  0x0000707c097029fc: ;   {metadata(method data for {method} {0x0000707ba032d5f8} 'flush' '()V' in 'com/sun/tools/javac/comp/Annotate')}
  0x0000707c097029fc: 0048 bbd8 | 8374 a07b | 7000 008b | 7008 49ba | 0000 00a3 | 7b70 0000 | 4903 f248 | 3bb3 0806 
  0x0000707c09702a1c: 0000 750d | 4883 8310 | 0600 0001 | e979 0000 | 0048 3bb3 | 1806 0000 | 750d 4883 | 8320 0600 
  0x0000707c09702a3c: 0001 e963 | 0000 0048 | 83bb 0806 | 0000 0075 | 1748 89b3 | 0806 0000 | 48c7 8310 | 0600 0001 
  0x0000707c09702a5c: 0000 00e9 | 4200 0000 | 4883 bb18 | 0600 0000 | 7517 4889 | b318 0600 | 0048 c783 | 2006 0000 
  0x0000707c09702a7c: 0100 0000 | e921 0000 | 00e9 1c00 

  0x0000707c09702a88: ;   {metadata(method data for {method} {0x0000707ba032d5f8} 'flush' '()V' in 'com/sun/tools/javac/comp/Annotate')}
  0x0000707c09702a88: 0000 48bb | d883 74a0 | 7b70 0000 | 4883 abf8 | 0500 0001 | e9a5 0300 | 00e9 0000 | 0000 488b 
  0x0000707c09702aa8: f048 3b06 

  0x0000707c09702aac: ;   {metadata(method data for {method} {0x0000707ba032d5f8} 'flush' '()V' in 'com/sun/tools/javac/comp/Annotate')}
  0x0000707c09702aac: 488b fe48 | bbd8 8374 | a07b 7000 | 008b 7f08 | 49ba 0000 | 00a3 7b70 | 0000 4903 | fa48 3bbb 
  0x0000707c09702acc: 4006 0000 | 750d 4883 | 8348 0600 | 0001 e960 | 0000 0048 | 3bbb 5006 | 0000 750d | 4883 8358 
  0x0000707c09702aec: 0600 0001 | e94a 0000 | 0048 83bb | 4006 0000 | 0075 1748 | 89bb 4006 | 0000 48c7 | 8348 0600 
  0x0000707c09702b0c: 0001 0000 | 00e9 2900 | 0000 4883 | bb50 0600 | 0000 7517 | 4889 bb50 | 0600 0048 | c783 5806 
  0x0000707c09702b2c: 0000 0100 | 0000 e908 | 0000 0048 | 8383 3006 | 0000 0166 | 0f1f 4400 | 0048 b8ff | ffff ffff 
  0x0000707c09702b4c: ;   {virtual_call}
  0x0000707c09702b4c: ffff ffe8 

  0x0000707c09702b50: ; ImmutableOopMap {[48]=Oop }
                      ;*invokeinterface run {reexecute=0 rethrow=0 return_oop=0}
                      ; - com.sun.tools.javac.comp.Annotate::flush@124 (line 200)
  0x0000707c09702b50: 2c2b 6806 

  0x0000707c09702b54: ;   {other}
  0x0000707c09702b54: 0f1f 8400 | 4411 000a 

  0x0000707c09702b5c: ;   {metadata(method data for {method} {0x0000707ba032d5f8} 'flush' '()V' in 'com/sun/tools/javac/comp/Annotate')}
  0x0000707c09702b5c: 48b8 d883 | 74a0 7b70 | 0000 8bb0 | f800 0000 | 83c6 0289 | b0f8 0000 | 0081 e6fe | 3f00 0085 
  0x0000707c09702b7c: f60f 84d1 | 0200 004d | 8b97 5804 

  0x0000707c09702b88: ; ImmutableOopMap {[48]=Oop }
                      ;*goto {reexecute=1 rethrow=0 return_oop=0}
                      ; - (reexecute) com.sun.tools.javac.comp.Annotate::flush@129 (line 200)
                      ;   {poll}
  0x0000707c09702b88: 0000 4185 

  0x0000707c09702b8c: ;   {metadata(method data for {method} {0x0000707ba032d5f8} 'flush' '()V' in 'com/sun/tools/javac/comp/Annotate')}
  0x0000707c09702b8c: 0248 b8d8 | 8374 a07b | 7000 00ff | 8068 0600 | 0048 8b74 | 2430 e9e9 | fcff ff48 

  0x0000707c09702ba8: ;   {metadata(method data for {method} {0x0000707ba032d5f8} 'flush' '()V' in 'com/sun/tools/javac/comp/Annotate')}
  0x0000707c09702ba8: 8bc6 48bf | d883 74a0 | 7b70 0000 | 4883 8780 | 0600 0001 

  0x0000707c09702bbc: ;   {metadata(method data for {method} {0x0000707ba032d830} 'doneFlushing' '()V' in 'com/sun/tools/javac/comp/Annotate')}
  0x0000707c09702bbc: 48b8 f821 | 7da0 7b70 | 0000 8bb8 | f400 0000 | 83c7 0289 | b8f4 0000 | 0081 e7fe | ff1f 0085 
  0x0000707c09702bdc: ff0f 8492 | 0200 008b | 4610 ffc8 

  0x0000707c09702be8: ;   {metadata(method data for {method} {0x0000707ba032d5f8} 'flush' '()V' in 'com/sun/tools/javac/comp/Annotate')}
  0x0000707c09702be8: 8946 1048 | b8d8 8374 | a07b 7000 | 00ff 80b8 | 0600 0048 | 83c4 405d 

  0x0000707c09702c00: ;   {poll_return}
  0x0000707c09702c00: 493b a750 | 0400 000f | 8789 0200 | 00c3 4883 

  0x0000707c09702c10: ;   {poll_return}
  0x0000707c09702c10: c440 5d49 | 3ba7 5004 | 0000 0f87 | 8c02 0000 | c348 83c4 

  0x0000707c09702c24: ;   {poll_return}
  0x0000707c09702c24: 405d 493b | a750 0400 | 000f 878f | 0200 00c3 | 488b 7424 | 3049 8b87 | 0005 0000 | 4d33 d24d 
  0x0000707c09702c44: 8997 0005 | 0000 4d33 | d24d 8997 | 0805 0000 

  0x0000707c09702c54: ;   {metadata(method data for {method} {0x0000707ba032d5f8} 'flush' '()V' in 'com/sun/tools/javac/comp/Annotate')}
  0x0000707c09702c54: 488b fe48 | bbd8 8374 | a07b 7000 | 0048 8383 | d006 0000 

  0x0000707c09702c68: ;   {metadata(method data for {method} {0x0000707ba032d830} 'doneFlushing' '()V' in 'com/sun/tools/javac/comp/Annotate')}
  0x0000707c09702c68: 0148 bff8 | 217d a07b | 7000 008b | 9ff4 0000 | 0083 c302 | 899f f400 | 0000 81e3 | feff 1f00 
  0x0000707c09702c88: 85db 0f84 | 4802 0000 | 8b7e 10ff | cf89 7e10 | e979 0200 

  0x0000707c09702c9c: ;   {metadata({method} {0x0000707ba032d5f8} 'flush' '()V' in 'com/sun/tools/javac/comp/Annotate')}
  0x0000707c09702c9c: 0049 baf8 | d532 a07b | 7000 004c | 8954 2408 | 48c7 0424 | ffff ffff 

  0x0000707c09702cb4: ;   {runtime_call counter_overflow Runtime1 stub}
  0x0000707c09702cb4: e8c7 8774 

  0x0000707c09702cb8: ; ImmutableOopMap {rsi=Oop [48]=Oop }
                      ;*synchronization entry
                      ; - com.sun.tools.javac.comp.Annotate::flush@-1 (line 185)
  0x0000707c09702cb8: 06e9 c9f0 

  0x0000707c09702cbc: ;   {metadata({method} {0x0000707ba032d128} 'annotationsBlocked' '()Z' in 'com/sun/tools/javac/comp/Annotate')}
  0x0000707c09702cbc: ffff 49ba | 28d1 32a0 | 7b70 0000 | 4c89 5424 | 0848 c704 | 24ff ffff 

  0x0000707c09702cd4: ;   {runtime_call counter_overflow Runtime1 stub}
  0x0000707c09702cd4: ffe8 a687 

  0x0000707c09702cd8: ; ImmutableOopMap {rsi=Oop [48]=Oop }
                      ;*synchronization entry
                      ; - com.sun.tools.javac.comp.Annotate::annotationsBlocked@-1 (line 154)
                      ; - com.sun.tools.javac.comp.Annotate::flush@1 (line 185)
  0x0000707c09702cd8: 7406 e9e4 

  0x0000707c09702cdc: ;   {metadata({method} {0x0000707ba032d6c0} 'isFlushing' '()Z' in 'com/sun/tools/javac/comp/Annotate')}
  0x0000707c09702cdc: f0ff ff49 | bac0 d632 | a07b 7000 | 004c 8954 | 2408 48c7 | 0424 ffff 

  0x0000707c09702cf4: ;   {runtime_call counter_overflow Runtime1 stub}
  0x0000707c09702cf4: ffff e885 

  0x0000707c09702cf8: ; ImmutableOopMap {rsi=Oop [48]=Oop }
                      ;*synchronization entry
                      ; - com.sun.tools.javac.comp.Annotate::isFlushing@-1 (line 211)
                      ; - com.sun.tools.javac.comp.Annotate::flush@9 (line 186)
  0x0000707c09702cf8: 8774 06e9 | 80f1 ffff 

  0x0000707c09702d00: ;   {metadata({method} {0x0000707ba032d780} 'startFlushing' '()V' in 'com/sun/tools/javac/comp/Annotate')}
  0x0000707c09702d00: 49ba 80d7 | 32a0 7b70 | 0000 4c89 | 5424 0848 | c704 24ff 

  0x0000707c09702d14: ;   {runtime_call counter_overflow Runtime1 stub}
  0x0000707c09702d14: ffff ffe8 

  0x0000707c09702d18: ; ImmutableOopMap {rsi=Oop [48]=Oop }
                      ;*synchronization entry
                      ; - com.sun.tools.javac.comp.Annotate::startFlushing@-1 (line 212)
                      ; - com.sun.tools.javac.comp.Annotate::flush@17 (line 188)
  0x0000707c09702d18: 6487 7406 | e91b f2ff 

  0x0000707c09702d20: ;   {runtime_call throw_null_pointer_exception Runtime1 stub}
  0x0000707c09702d20: ffe8 5a38 

  0x0000707c09702d24: ; ImmutableOopMap {rsi=Oop rdi=Oop [48]=Oop }
                      ;*invokevirtual nonEmpty {reexecute=0 rethrow=0 return_oop=0}
                      ; - com.sun.tools.javac.comp.Annotate::flush@24 (line 190)
                      ;   {metadata({method} {0x0000707ba00bb368} 'nonEmpty' '()Z' in 'com/sun/tools/javac/util/ListBuffer')}
  0x0000707c09702d24: 7406 49ba | 68b3 0ba0 | 7b70 0000 | 4c89 5424 | 0848 c704 | 24ff ffff 

  0x0000707c09702d3c: ;   {runtime_call counter_overflow Runtime1 stub}
  0x0000707c09702d3c: ffe8 3e87 

  0x0000707c09702d40: ; ImmutableOopMap {rsi=Oop rdi=Oop [48]=Oop }
                      ;*synchronization entry
                      ; - com.sun.tools.javac.util.ListBuffer::nonEmpty@-1 (line 97)
                      ; - com.sun.tools.javac.comp.Annotate::flush@24 (line 190)
  0x0000707c09702d40: 7406 e957 | f2ff ff48 

  0x0000707c09702d48: ;   {runtime_call throw_class_cast_exception Runtime1 stub}
  0x0000707c09702d48: 8904 24e8 

  0x0000707c09702d4c: ; ImmutableOopMap {[48]=Oop }
                      ;*checkcast {reexecute=0 rethrow=0 return_oop=0}
                      ; - com.sun.tools.javac.comp.Annotate::flush@37 (line 191)
  0x0000707c09702d4c: 305c 7406 

  0x0000707c09702d50: ;   {runtime_call throw_null_pointer_exception Runtime1 stub}
  0x0000707c09702d50: e82b 3874 

  0x0000707c09702d54: ; ImmutableOopMap {rsi=Oop [48]=Oop }
                      ;*invokeinterface run {reexecute=0 rethrow=0 return_oop=0}
                      ; - com.sun.tools.javac.comp.Annotate::flush@40 (line 191)
                      ;   {metadata({method} {0x0000707ba032d5f8} 'flush' '()V' in 'com/sun/tools/javac/comp/Annotate')}
  0x0000707c09702d54: 0649 baf8 | d532 a07b | 7000 004c | 8954 2408 | 48c7 0424 | 2d00 0000 

  0x0000707c09702d6c: ;   {runtime_call counter_overflow Runtime1 stub}
  0x0000707c09702d6c: e80f 8774 

  0x0000707c09702d70: ; ImmutableOopMap {[48]=Oop }
                      ;*goto {reexecute=1 rethrow=0 return_oop=0}
                      ; - (reexecute) com.sun.tools.javac.comp.Annotate::flush@45 (line 191)
  0x0000707c09702d70: 06e9 c5f4 

  0x0000707c09702d74: ;   {runtime_call throw_null_pointer_exception Runtime1 stub}
  0x0000707c09702d74: ffff e805 

  0x0000707c09702d78: ; ImmutableOopMap {rsi=Oop rdi=Oop [48]=Oop }
                      ;*invokevirtual nonEmpty {reexecute=0 rethrow=0 return_oop=0}
                      ; - com.sun.tools.javac.comp.Annotate::flush@52 (line 193)
                      ;   {metadata({method} {0x0000707ba00bb368} 'nonEmpty' '()Z' in 'com/sun/tools/javac/util/ListBuffer')}
  0x0000707c09702d78: 3874 0649 | ba68 b30b | a07b 7000 | 004c 8954 | 2408 48c7 | 0424 ffff 

  0x0000707c09702d90: ;   {runtime_call counter_overflow Runtime1 stub}
  0x0000707c09702d90: ffff e8e9 

  0x0000707c09702d94: ; ImmutableOopMap {rsi=Oop rdi=Oop [48]=Oop }
                      ;*synchronization entry
                      ; - com.sun.tools.javac.util.ListBuffer::nonEmpty@-1 (line 97)
                      ; - com.sun.tools.javac.comp.Annotate::flush@52 (line 193)
  0x0000707c09702d94: 8674 06e9 | 1af5 ffff | 4889 0424 

  0x0000707c09702da0: ;   {runtime_call throw_class_cast_exception Runtime1 stub}
  0x0000707c09702da0: e8db 5b74 

  0x0000707c09702da4: ; ImmutableOopMap {[48]=Oop }
                      ;*checkcast {reexecute=0 rethrow=0 return_oop=0}
                      ; - com.sun.tools.javac.comp.Annotate::flush@65 (line 194)
                      ;   {runtime_call throw_null_pointer_exception Runtime1 stub}
  0x0000707c09702da4: 06e8 d637 

  0x0000707c09702da8: ; ImmutableOopMap {rsi=Oop [48]=Oop }
                      ;*invokeinterface run {reexecute=0 rethrow=0 return_oop=0}
                      ; - com.sun.tools.javac.comp.Annotate::flush@68 (line 194)
                      ;   {metadata({method} {0x0000707ba032d5f8} 'flush' '()V' in 'com/sun/tools/javac/comp/Annotate')}
  0x0000707c09702da8: 7406 49ba | f8d5 32a0 | 7b70 0000 | 4c89 5424 | 0848 c704 | 2449 0000 

  0x0000707c09702dc0: ;   {runtime_call counter_overflow Runtime1 stub}
  0x0000707c09702dc0: 00e8 ba86 

  0x0000707c09702dc4: ; ImmutableOopMap {[48]=Oop }
                      ;*goto {reexecute=1 rethrow=0 return_oop=0}
                      ; - (reexecute) com.sun.tools.javac.comp.Annotate::flush@73 (line 194)
  0x0000707c09702dc4: 7406 e988 

  0x0000707c09702dc8: ;   {runtime_call throw_null_pointer_exception Runtime1 stub}
  0x0000707c09702dc8: f7ff ffe8 

  0x0000707c09702dcc: ; ImmutableOopMap {rsi=Oop rdi=Oop [48]=Oop }
                      ;*invokevirtual nonEmpty {reexecute=0 rethrow=0 return_oop=0}
                      ; - com.sun.tools.javac.comp.Annotate::flush@80 (line 196)
  0x0000707c09702dcc: b037 7406 

  0x0000707c09702dd0: ;   {metadata({method} {0x0000707ba00bb368} 'nonEmpty' '()Z' in 'com/sun/tools/javac/util/ListBuffer')}
  0x0000707c09702dd0: 49ba 68b3 | 0ba0 7b70 | 0000 4c89 | 5424 0848 | c704 24ff 

  0x0000707c09702de4: ;   {runtime_call counter_overflow Runtime1 stub}
  0x0000707c09702de4: ffff ffe8 

  0x0000707c09702de8: ; ImmutableOopMap {rsi=Oop rdi=Oop [48]=Oop }
                      ;*synchronization entry
                      ; - com.sun.tools.javac.util.ListBuffer::nonEmpty@-1 (line 97)
                      ; - com.sun.tools.javac.comp.Annotate::flush@80 (line 196)
  0x0000707c09702de8: 9486 7406 | e9dd f7ff | ff48 8904 

  0x0000707c09702df4: ;   {runtime_call throw_class_cast_exception Runtime1 stub}
  0x0000707c09702df4: 24e8 865b 

  0x0000707c09702df8: ; ImmutableOopMap {[48]=Oop }
                      ;*checkcast {reexecute=0 rethrow=0 return_oop=0}
                      ; - com.sun.tools.javac.comp.Annotate::flush@93 (line 197)
                      ;   {runtime_call throw_null_pointer_exception Runtime1 stub}
  0x0000707c09702df8: 7406 e881 

  0x0000707c09702dfc: ; ImmutableOopMap {rsi=Oop [48]=Oop }
                      ;*invokeinterface run {reexecute=0 rethrow=0 return_oop=0}
                      ; - com.sun.tools.javac.comp.Annotate::flush@96 (line 197)
                      ;   {metadata({method} {0x0000707ba032d5f8} 'flush' '()V' in 'com/sun/tools/javac/comp/Annotate')}
  0x0000707c09702dfc: 3774 0649 | baf8 d532 | a07b 7000 | 004c 8954 | 2408 48c7 | 0424 6500 

  0x0000707c09702e14: ;   {runtime_call counter_overflow Runtime1 stub}
  0x0000707c09702e14: 0000 e865 

  0x0000707c09702e18: ; ImmutableOopMap {[48]=Oop }
                      ;*goto {reexecute=1 rethrow=0 return_oop=0}
                      ; - (reexecute) com.sun.tools.javac.comp.Annotate::flush@101 (line 197)
  0x0000707c09702e18: 8674 06e9 | 4bfa ffff 

  0x0000707c09702e20: ;   {runtime_call throw_null_pointer_exception Runtime1 stub}
  0x0000707c09702e20: e85b 3774 

  0x0000707c09702e24: ; ImmutableOopMap {rsi=Oop rdi=Oop [48]=Oop }
                      ;*invokevirtual nonEmpty {reexecute=0 rethrow=0 return_oop=0}
                      ; - com.sun.tools.javac.comp.Annotate::flush@108 (line 199)
                      ;   {metadata({method} {0x0000707ba00bb368} 'nonEmpty' '()Z' in 'com/sun/tools/javac/util/ListBuffer')}
  0x0000707c09702e24: 0649 ba68 | b30b a07b | 7000 004c | 8954 2408 | 48c7 0424 | ffff ffff 

  0x0000707c09702e3c: ;   {runtime_call counter_overflow Runtime1 stub}
  0x0000707c09702e3c: e83f 8674 

  0x0000707c09702e40: ; ImmutableOopMap {rsi=Oop rdi=Oop [48]=Oop }
                      ;*synchronization entry
                      ; - com.sun.tools.javac.util.ListBuffer::nonEmpty@-1 (line 97)
                      ; - com.sun.tools.javac.comp.Annotate::flush@108 (line 199)
  0x0000707c09702e40: 06e9 a0fa | ffff 4889 

  0x0000707c09702e48: ;   {runtime_call throw_class_cast_exception Runtime1 stub}
  0x0000707c09702e48: 0424 e831 

  0x0000707c09702e4c: ; ImmutableOopMap {[48]=Oop }
                      ;*checkcast {reexecute=0 rethrow=0 return_oop=0}
                      ; - com.sun.tools.javac.comp.Annotate::flush@121 (line 200)
                      ;   {runtime_call throw_null_pointer_exception Runtime1 stub}
  0x0000707c09702e4c: 5b74 06e8 

  0x0000707c09702e50: ; ImmutableOopMap {rsi=Oop [48]=Oop }
                      ;*invokeinterface run {reexecute=0 rethrow=0 return_oop=0}
                      ; - com.sun.tools.javac.comp.Annotate::flush@124 (line 200)
  0x0000707c09702e50: 2c37 7406 

  0x0000707c09702e54: ;   {metadata({method} {0x0000707ba032d5f8} 'flush' '()V' in 'com/sun/tools/javac/comp/Annotate')}
  0x0000707c09702e54: 49ba f8d5 | 32a0 7b70 | 0000 4c89 | 5424 0848 | c704 2481 

  0x0000707c09702e68: ;   {runtime_call counter_overflow Runtime1 stub}
  0x0000707c09702e68: 0000 00e8 

  0x0000707c09702e6c: ; ImmutableOopMap {[48]=Oop }
                      ;*goto {reexecute=1 rethrow=0 return_oop=0}
                      ; - (reexecute) com.sun.tools.javac.comp.Annotate::flush@129 (line 200)
  0x0000707c09702e6c: 1086 7406 | e90e fdff 

  0x0000707c09702e74: ;   {metadata({method} {0x0000707ba032d830} 'doneFlushing' '()V' in 'com/sun/tools/javac/comp/Annotate')}
  0x0000707c09702e74: ff49 ba30 | d832 a07b | 7000 004c | 8954 2408 | 48c7 0424 | ffff ffff 

  0x0000707c09702e8c: ;   {runtime_call counter_overflow Runtime1 stub}
  0x0000707c09702e8c: e8ef 8574 

  0x0000707c09702e90: ; ImmutableOopMap {rsi=Oop [48]=Oop }
                      ;*synchronization entry
                      ; - com.sun.tools.javac.comp.Annotate::doneFlushing@-1 (line 213)
                      ; - com.sun.tools.javac.comp.Annotate::flush@133 (line 203)
  0x0000707c09702e90: 06e9 4dfd 

  0x0000707c09702e94: ;   {internal_word}
  0x0000707c09702e94: ffff 49ba | 002c 7009 | 7c70 0000 | 4d89 9768 

  0x0000707c09702ea4: ;   {runtime_call SafepointBlob}
  0x0000707c09702ea4: 0400 00e9 | 5491 6806 

  0x0000707c09702eac: ;   {internal_word}
  0x0000707c09702eac: 49ba 132c | 7009 7c70 | 0000 4d89 | 9768 0400 

  0x0000707c09702ebc: ;   {runtime_call SafepointBlob}
  0x0000707c09702ebc: 00e9 3e91 

  0x0000707c09702ec0: ;   {internal_word}
  0x0000707c09702ec0: 6806 49ba | 262c 7009 | 7c70 0000 | 4d89 9768 

  0x0000707c09702ed0: ;   {runtime_call SafepointBlob}
  0x0000707c09702ed0: 0400 00e9 | 2891 6806 

  0x0000707c09702ed8: ;   {metadata({method} {0x0000707ba032d830} 'doneFlushing' '()V' in 'com/sun/tools/javac/comp/Annotate')}
  0x0000707c09702ed8: 49ba 30d8 | 32a0 7b70 | 0000 4c89 | 5424 0848 | c704 24ff 

  0x0000707c09702eec: ;   {runtime_call counter_overflow Runtime1 stub}
  0x0000707c09702eec: ffff ffe8 

  0x0000707c09702ef0: ; ImmutableOopMap {rsi=Oop rax=Oop [48]=Oop }
                      ;*synchronization entry
                      ; - com.sun.tools.javac.comp.Annotate::doneFlushing@-1 (line 213)
                      ; - com.sun.tools.javac.comp.Annotate::flush@141 (line 203)
  0x0000707c09702ef0: 8c85 7406 | e997 fdff | ff49 8b87 | 0005 0000 | 49c7 8700 | 0500 0000 | 0000 0049 | c787 0805 
  0x0000707c09702f10: 0000 0000 | 0000 4883 

  0x0000707c09702f18: ;   {runtime_call unwind_exception Runtime1 stub}
  0x0000707c09702f18: c440 5de9 | 6027 7406 
[Stub Code]
  0x0000707c09702f20: ;   {no_reloc}
  0x0000707c09702f20: 0f1f 4400 

  0x0000707c09702f24: ;   {static_stub}
  0x0000707c09702f24: 0048 bb00 | 0000 0000 

  0x0000707c09702f2c: ;   {runtime_call nmethod}
  0x0000707c09702f2c: 0000 00e9 | fbff ffff 

  0x0000707c09702f34: ;   {static_stub}
  0x0000707c09702f34: 9048 bb00 | 0000 0000 

  0x0000707c09702f3c: ;   {runtime_call nmethod}
  0x0000707c09702f3c: 0000 00e9 | fbff ffff 

  0x0000707c09702f44: ;   {static_stub}
  0x0000707c09702f44: 9048 bb00 | 0000 0000 

  0x0000707c09702f4c: ;   {runtime_call nmethod}
  0x0000707c09702f4c: 0000 00e9 | fbff ffff 

  0x0000707c09702f54: ;   {static_stub}
  0x0000707c09702f54: 9048 bb00 | 0000 0000 

  0x0000707c09702f5c: ;   {runtime_call nmethod}
  0x0000707c09702f5c: 0000 00e9 | fbff ffff 

  0x0000707c09702f64: ;   {static_stub}
  0x0000707c09702f64: 9048 bb00 | 0000 0000 

  0x0000707c09702f6c: ;   {runtime_call nmethod}
  0x0000707c09702f6c: 0000 00e9 | fbff ffff 

  0x0000707c09702f74: ;   {static_stub}
  0x0000707c09702f74: 9048 bb00 | 0000 0000 

  0x0000707c09702f7c: ;   {runtime_call nmethod}
  0x0000707c09702f7c: 0000 00e9 | fbff ffff 

  0x0000707c09702f84: ;   {static_stub}
  0x0000707c09702f84: 9048 bb00 | 0000 0000 

  0x0000707c09702f8c: ;   {runtime_call nmethod}
  0x0000707c09702f8c: 0000 00e9 | fbff ffff 

  0x0000707c09702f94: ;   {static_stub}
  0x0000707c09702f94: 9048 bb00 | 0000 0000 

  0x0000707c09702f9c: ;   {runtime_call nmethod}
  0x0000707c09702f9c: 0000 00e9 | fbff ffff 
[Exception Handler]
  0x0000707c09702fa4: ;   {runtime_call handle_exception_from_callee Runtime1 stub}
  0x0000707c09702fa4: e8d7 5374 

  0x0000707c09702fa8: ;   {external_word}
  0x0000707c09702fa8: 0648 bf53 | 2172 297c | 7000 0048 

  0x0000707c09702fb4: ;   {runtime_call MacroAssembler::debug64(char*, long, long*)}
  0x0000707c09702fb4: 83e4 f0e8 | 849b af1f 

  0x0000707c09702fbc: ;   {section_word}
  0x0000707c09702fbc: f449 babd | 2f70 097c | 7000 0041 

  0x0000707c09702fc8: ;   {runtime_call DeoptimizationBlob}
  0x0000707c09702fc8: 52e9 d282 | 6806 f4f4 
[/MachCode]


Compiled method (c1) 88670 6196       3       com.sun.tools.javac.comp.Annotate::unblockAnnotations (22 bytes)
 total in heap  [0x0000707c095a6410,0x0000707c095a67b8] = 936
 relocation     [0x0000707c095a6568,0x0000707c095a65a8] = 64
 main code      [0x0000707c095a65c0,0x0000707c095a6700] = 320
 stub code      [0x0000707c095a6700,0x0000707c095a6740] = 64
 oops           [0x0000707c095a6740,0x0000707c095a6748] = 8
 metadata       [0x0000707c095a6748,0x0000707c095a6758] = 16
 scopes data    [0x0000707c095a6758,0x0000707c095a6770] = 24
 scopes pcs     [0x0000707c095a6770,0x0000707c095a67b0] = 64
 dependencies   [0x0000707c095a67b0,0x0000707c095a67b8] = 8

[Constant Pool (empty)]

[MachCode]
[Entry Point]
  # {method} {0x0000707ba032cfb8} 'unblockAnnotations' '()V' in 'com/sun/tools/javac/comp/Annotate'
  #           [sp+0x40]  (sp of caller)
  0x0000707c095a65c0: 448b 5608 | 49bb 0000 | 00a3 7b70 | 0000 4d03 | d34c 3bd0 

  0x0000707c095a65d4: ;   {runtime_call ic_miss_stub}
  0x0000707c095a65d4: 0f85 a6ea | 7d06 660f | 1f44 0000 
[Verified Entry Point]
  0x0000707c095a65e0: 8984 2400 | c0fe ff55 | 4883 ec30 | 4181 7f20 | 0300 0000 

  0x0000707c095a65f4: ;   {runtime_call StubRoutines (final stubs)}
  0x0000707c095a65f4: 7405 e8a5 

  0x0000707c095a65f8: ;   {metadata(method data for {method} {0x0000707ba032cfb8} 'unblockAnnotations' '()V' in 'com/sun/tools/javac/comp/Annotate')}
  0x0000707c095a65f8: 4e7c 0648 | bf08 8274 | a07b 7000 | 008b 9ff4 | 0000 0083 | c302 899f | f400 0000 | 81e3 fe07 
  0x0000707c095a6618: 0000 85db | 0f84 7d00 | 0000 8b7e | 0cff cf89 | 7e0c 85ff 

  0x0000707c095a662c: ;   {metadata(method data for {method} {0x0000707ba032cfb8} 'unblockAnnotations' '()V' in 'com/sun/tools/javac/comp/Annotate')}
  0x0000707c095a662c: 48bf 0882 | 74a0 7b70 | 0000 48c7 | c338 0100 | 0075 0748 | c7c3 4801 | 0000 488b | 041f 488d 
  0x0000707c095a664c: 4001 4889 | 041f 0f85 | 3400 0000 

  0x0000707c095a6658: ;   {metadata(method data for {method} {0x0000707ba032cfb8} 'unblockAnnotations' '()V' in 'com/sun/tools/javac/comp/Annotate')}
  0x0000707c095a6658: 488b fe48 | bb08 8274 | a07b 7000 

  0x0000707c095a6664: ;   {metadata('com/sun/tools/javac/comp/Annotate')}
  0x0000707c095a6664: 0049 ba08 | 6d28 a47b | 7000 004c | 8993 6801 | 0000 4883 | 8370 0100 

  0x0000707c095a667c: ;   {optimized virtual_call}
  0x0000707c095a667c: 0001 90e8 

  0x0000707c095a6680: ; ImmutableOopMap {}
                      ;*invokevirtual flush {reexecute=0 rethrow=0 return_oop=0}
                      ; - com.sun.tools.javac.comp.Annotate::unblockAnnotations@18 (line 144)
  0x0000707c095a6680: bcb6 1500 

  0x0000707c095a6684: ;   {other}
  0x0000707c095a6684: 0f1f 8400 | 7402 0000 | 4883 c430 

  0x0000707c095a6690: ;   {poll_return}
  0x0000707c095a6690: 5d49 3ba7 | 5004 0000 | 0f87 2200 

  0x0000707c095a669c: ;   {metadata({method} {0x0000707ba032cfb8} 'unblockAnnotations' '()V' in 'com/sun/tools/javac/comp/Annotate')}
  0x0000707c095a669c: 0000 c349 | bab8 cf32 | a07b 7000 | 004c 8954 | 2408 48c7 | 0424 ffff 

  0x0000707c095a66b4: ;   {runtime_call counter_overflow Runtime1 stub}
  0x0000707c095a66b4: ffff e8c5 

  0x0000707c095a66b8: ; ImmutableOopMap {rsi=Oop }
                      ;*synchronization entry
                      ; - com.sun.tools.javac.comp.Annotate::unblockAnnotations@-1 (line 142)
  0x0000707c095a66b8: 4d8a 06e9 | 62ff ffff 

  0x0000707c095a66c0: ;   {internal_word}
  0x0000707c095a66c0: 49ba 9166 | 5a09 7c70 | 0000 4d89 | 9768 0400 

  0x0000707c095a66d0: ;   {runtime_call SafepointBlob}
  0x0000707c095a66d0: 00e9 2a59 | 7e06 498b | 8700 0500 | 0049 c787 | 0005 0000 | 0000 0000 | 49c7 8708 | 0500 0000 
  0x0000707c095a66f0: 0000 0048 | 83c4 305d 

  0x0000707c095a66f8: ;   {runtime_call unwind_exception Runtime1 stub}
  0x0000707c095a66f8: e983 ef89 | 06f4 f4f4 
[Stub Code]
  0x0000707c095a6700: ;   {no_reloc}
  0x0000707c095a6700: 0f1f 4400 

  0x0000707c095a6704: ;   {static_stub}
  0x0000707c095a6704: 0048 bb00 | 0000 0000 

  0x0000707c095a670c: ;   {runtime_call nmethod}
  0x0000707c095a670c: 0000 00e9 | fbff ffff 
[Exception Handler]
  0x0000707c095a6714: ;   {runtime_call handle_exception_from_callee Runtime1 stub}
  0x0000707c095a6714: e867 1c8a 

  0x0000707c095a6718: ;   {external_word}
  0x0000707c095a6718: 0648 bf53 | 2172 297c | 7000 0048 

  0x0000707c095a6724: ;   {runtime_call MacroAssembler::debug64(char*, long, long*)}
  0x0000707c095a6724: 83e4 f0e8 | 1464 c51f 

  0x0000707c095a672c: ;   {section_word}
  0x0000707c095a672c: f449 ba2d | 675a 097c | 7000 0041 

  0x0000707c095a6738: ;   {runtime_call DeoptimizationBlob}
  0x0000707c095a6738: 52e9 624b | 7e06 f4f4 
[/MachCode]


---------------  P R O C E S S  ---------------

Threads class SMR info:
_java_thread_list=0x0000707b787dee70, length=12, elements={
0x0000707c20019c50, 0x0000707c20120240, 0x0000707c201217c0, 0x0000707c20122f70,
0x0000707c201245c0, 0x0000707c20125b70, 0x0000707c201276c0, 0x0000707c20128d90,
0x0000707c20134c40, 0x0000707c20137f80, 0x0000707b780afd60, 0x0000707b787de3a0
}

Java Threads: ( => current thread )
=>0x0000707c20019c50 JavaThread "main"                              [_thread_in_vm, id=57709, stack(0x0000707c28100000,0x0000707c28200000) (1024K)]
  0x0000707c20120240 JavaThread "Reference Handler"          daemon [_thread_blocked, id=57720, stack(0x0000707c24100000,0x0000707c24200000) (1024K)]
  0x0000707c201217c0 JavaThread "Finalizer"                  daemon [_thread_blocked, id=57721, stack(0x0000707c24000000,0x0000707c24100000) (1024K)]
  0x0000707c20122f70 JavaThread "Signal Dispatcher"          daemon [_thread_blocked, id=57722, stack(0x0000707c1ff00000,0x0000707c20000000) (1024K)]
  0x0000707c201245c0 JavaThread "Service Thread"             daemon [_thread_blocked, id=57723, stack(0x0000707c00a20000,0x0000707c00b20000) (1024K)]
  0x0000707c20125b70 JavaThread "Monitor Deflation Thread"   daemon [_thread_blocked, id=57724, stack(0x0000707c00920000,0x0000707c00a20000) (1024K)]
  0x0000707c201276c0 JavaThread "C2 CompilerThread0"         daemon [_thread_blocked, id=57725, stack(0x0000707c00820000,0x0000707c00920000) (1024K)]
  0x0000707c20128d90 JavaThread "C1 CompilerThread0"         daemon [_thread_blocked, id=57726, stack(0x0000707c00720000,0x0000707c00820000) (1024K)]
  0x0000707c20134c40 JavaThread "Notification Thread"        daemon [_thread_blocked, id=57728, stack(0x0000707c0054f000,0x0000707c0064f000) (1024K)]
  0x0000707c20137f80 JavaThread "Common-Cleaner"             daemon [_thread_blocked, id=57729, stack(0x0000707c0044f000,0x0000707c0054f000) (1024K)]
  0x0000707b780afd60 JavaThread "C2 CompilerThread1"         daemon [_thread_blocked, id=58717, stack(0x0000707c0034f000,0x0000707c0044f000) (1024K)]
  0x0000707b787de3a0 JavaThread "C2 CompilerThread2"         daemon [_thread_blocked, id=58889, stack(0x0000707c0024f000,0x0000707c0034f000) (1024K)]
Total: 12

Other Threads:
  0x0000707c20117100 VMThread "VM Thread"                           [id=57719, stack(0x0000707c24780000,0x0000707c24880000) (1024K)]
  0x0000707c20105520 WatcherThread "VM Periodic Task Thread"        [id=57717, stack(0x0000707c24881000,0x0000707c24981000) (1024K)]
  0x0000707c20044830 WorkerThread "GC Thread#0"                     [id=57710, stack(0x0000707c256ab000,0x0000707c257ab000) (1024K)]
  0x0000707b98007a10 WorkerThread "GC Thread#1"                     [id=58099, stack(0x0000707c0014f000,0x0000707c0024f000) (1024K)]
  0x0000707b98008260 WorkerThread "GC Thread#2"                     [id=58100, stack(0x0000707c0004e000,0x0000707c0014e000) (1024K)]
  0x0000707b98008ab0 WorkerThread "GC Thread#3"                     [id=58101, stack(0x0000707bf1f00000,0x0000707bf2000000) (1024K)]
  0x0000707b980093f0 WorkerThread "GC Thread#4"                     [id=58102, stack(0x0000707bf1dff000,0x0000707bf1eff000) (1024K)]
  0x0000707b98009d30 WorkerThread "GC Thread#5"                     [id=58103, stack(0x0000707bf1cfe000,0x0000707bf1dfe000) (1024K)]
  0x0000707b9800a8a0 WorkerThread "GC Thread#6"                     [id=58104, stack(0x0000707bf1bfd000,0x0000707bf1cfd000) (1024K)]
  0x0000707b9800b410 WorkerThread "GC Thread#7"                     [id=58105, stack(0x0000707bf1afc000,0x0000707bf1bfc000) (1024K)]
  0x0000707c20055820 ConcurrentGCThread "G1 Main Marker"            [id=57711, stack(0x0000707c255aa000,0x0000707c256aa000) (1024K)]
  0x0000707c200567d0 WorkerThread "G1 Conc#0"                       [id=57713, stack(0x0000707c254a9000,0x0000707c255a9000) (1024K)]
  0x0000707bf4000d80 WorkerThread "G1 Conc#1"                       [id=58689, stack(0x0000707bf1810000,0x0000707bf1910000) (1024K)]
  0x0000707c200ea9a0 ConcurrentGCThread "G1 Refine#0"               [id=57714, stack(0x0000707c24ba0000,0x0000707c24ca0000) (1024K)]
  0x0000707c200eb970 ConcurrentGCThread "G1 Service"                [id=57715, stack(0x0000707c24a9f000,0x0000707c24b9f000) (1024K)]
Total: 15

Threads with active compile tasks:
Total: 0

VM state: not at safepoint (normal execution)

VM Mutex/Monitor currently owned by a thread: None

Heap address: 0x000000060c800000, size: 7992 MB, Compressed Oops mode: Zero based, Oop shift amount: 3

CDS archive(s) mapped at: [0x0000707ba3000000-0x0000707ba3c9c000-0x0000707ba3c9c000), size 13221888, SharedBaseAddress: 0x0000707ba3000000, ArchiveRelocationMode: 1.
Compressed class space mapped at: 0x0000707ba4000000-0x0000707be4000000, reserved size: 1073741824
Narrow klass base: 0x0000707ba3000000, Narrow klass shift: 0, Narrow klass range: 0x100000000

GC Precious Log:
 CardTable entry size: 512
 Card Set container configuration: InlinePtr #cards 4 size 8 Array Of Cards #cards 32 size 80 Howl #buckets 8 coarsen threshold 7372 Howl Bitmap #cards 1024 size 144 coarsen threshold 921 Card regions per heap region 1 cards per card region 8192
 CPUs: 8 total, 8 available
 Memory: 31955M
 Large Page Support: Disabled
 NUMA Support: Disabled
 Compressed Oops: Enabled (Zero based)
 Heap Region Size: 4M
 Heap Min Capacity: 8M
 Heap Initial Capacity: 500M
 Heap Max Capacity: 7992M
 Pre-touch: Disabled
 Parallel Workers: 8
 Concurrent Workers: 2
 Concurrent Refinement Workers: 8
 Periodic GC: Disabled

Heap:
 garbage-first heap   total 167936K, used 101327K [0x000000060c800000, 0x0000000800000000)
  region size 4096K, 7 young (28672K), 1 survivors (4096K)
 Metaspace       used 27309K, committed 27648K, reserved 1114112K
  class space    used 2869K, committed 3008K, reserved 1048576K

Heap Regions: E=young(eden), S=young(survivor), O=old, HS=humongous(starts), HC=humongous(continues), CS=collection set, F=free, TAMS=top-at-mark-start, PB=parsable bottom
|   0|0x000000060c800000, 0x000000060cc00000, 0x000000060cc00000|100%| O|  |TAMS 0x000000060c800000| PB 0x000000060c800000| Untracked 
|   1|0x000000060cc00000, 0x000000060d000000, 0x000000060d000000|100%| O|  |TAMS 0x000000060cc00000| PB 0x000000060cc00000| Untracked 
|   2|0x000000060d000000, 0x000000060d400000, 0x000000060d400000|100%| O|  |TAMS 0x000000060d000000| PB 0x000000060d000000| Untracked 
|   3|0x000000060d400000, 0x000000060d800000, 0x000000060d800000|100%| O|  |TAMS 0x000000060d400000| PB 0x000000060d400000| Untracked 
|   4|0x000000060d800000, 0x000000060da5b808, 0x000000060dc00000| 58%| O|  |TAMS 0x000000060d800000| PB 0x000000060d800000| Untracked 
|   5|0x000000060dc00000, 0x000000060e000000, 0x000000060e000000|100%| O|  |TAMS 0x000000060dc00000| PB 0x000000060dc00000| Untracked 
|   6|0x000000060e000000, 0x000000060e400000, 0x000000060e400000|100%| O|  |TAMS 0x000000060e000000| PB 0x000000060e000000| Untracked 
|   7|0x000000060e400000, 0x000000060e800000, 0x000000060e800000|100%| O|  |TAMS 0x000000060e400000| PB 0x000000060e400000| Untracked 
|   8|0x000000060e800000, 0x000000060ec00000, 0x000000060ec00000|100%| O|  |TAMS 0x000000060e800000| PB 0x000000060e800000| Untracked 
|   9|0x000000060ec00000, 0x000000060f000000, 0x000000060f000000|100%| O|  |TAMS 0x000000060ec00000| PB 0x000000060ec00000| Untracked 
|  10|0x000000060f000000, 0x000000060f400000, 0x000000060f400000|100%| O|  |TAMS 0x000000060f000000| PB 0x000000060f000000| Untracked 
|  11|0x000000060f400000, 0x000000060f800000, 0x000000060f800000|100%| O|  |TAMS 0x000000060f400000| PB 0x000000060f400000| Untracked 
|  12|0x000000060f800000, 0x000000060fc00000, 0x000000060fc00000|100%| O|  |TAMS 0x000000060f800000| PB 0x000000060f800000| Untracked 
|  13|0x000000060fc00000, 0x0000000610000000, 0x0000000610000000|100%| O|  |TAMS 0x000000060fc00000| PB 0x000000060fc00000| Untracked 
|  14|0x0000000610000000, 0x0000000610400000, 0x0000000610400000|100%| O|  |TAMS 0x0000000610000000| PB 0x0000000610000000| Untracked 
|  15|0x0000000610400000, 0x0000000610800000, 0x0000000610800000|100%| O|  |TAMS 0x0000000610400000| PB 0x0000000610400000| Untracked 
|  16|0x0000000610800000, 0x0000000610c00000, 0x0000000610c00000|100%| O|  |TAMS 0x0000000610800000| PB 0x0000000610800000| Untracked 
|  17|0x0000000610c00000, 0x0000000611000000, 0x0000000611000000|100%| O|  |TAMS 0x0000000610c00000| PB 0x0000000610c00000| Untracked 
|  18|0x0000000611000000, 0x0000000611400000, 0x0000000611400000|100%| O|  |TAMS 0x0000000611000000| PB 0x0000000611000000| Untracked 
|  19|0x0000000611400000, 0x0000000611519820, 0x0000000611800000| 27%| O|  |TAMS 0x0000000611400000| PB 0x0000000611400000| Untracked 
|  20|0x0000000611800000, 0x0000000611800000, 0x0000000611c00000|  0%| F|  |TAMS 0x0000000611800000| PB 0x0000000611800000| Untracked 
|  21|0x0000000611c00000, 0x0000000611c00000, 0x0000000612000000|  0%| F|  |TAMS 0x0000000611c00000| PB 0x0000000611c00000| Untracked 
|  22|0x0000000612000000, 0x0000000612000000, 0x0000000612400000|  0%| F|  |TAMS 0x0000000612000000| PB 0x0000000612000000| Untracked 
|  23|0x0000000612400000, 0x0000000612400000, 0x0000000612800000|  0%| F|  |TAMS 0x0000000612400000| PB 0x0000000612400000| Untracked 
|  24|0x0000000612800000, 0x0000000612800000, 0x0000000612c00000|  0%| F|  |TAMS 0x0000000612800000| PB 0x0000000612800000| Untracked 
|  25|0x0000000612c00000, 0x0000000612c00000, 0x0000000613000000|  0%| F|  |TAMS 0x0000000612c00000| PB 0x0000000612c00000| Untracked 
|  26|0x0000000613000000, 0x0000000613000000, 0x0000000613400000|  0%| F|  |TAMS 0x0000000613000000| PB 0x0000000613000000| Untracked 
|  27|0x0000000613400000, 0x0000000613400000, 0x0000000613800000|  0%| F|  |TAMS 0x0000000613400000| PB 0x0000000613400000| Untracked 
|  28|0x0000000613800000, 0x0000000613800000, 0x0000000613c00000|  0%| F|  |TAMS 0x0000000613800000| PB 0x0000000613800000| Untracked 
|  29|0x0000000613c00000, 0x0000000613c00000, 0x0000000614000000|  0%| F|  |TAMS 0x0000000613c00000| PB 0x0000000613c00000| Untracked 
|  30|0x0000000614000000, 0x0000000614000000, 0x0000000614400000|  0%| F|  |TAMS 0x0000000614000000| PB 0x0000000614000000| Untracked 
|  31|0x0000000614400000, 0x0000000614400000, 0x0000000614800000|  0%| F|  |TAMS 0x0000000614400000| PB 0x0000000614400000| Untracked 
|  32|0x0000000614800000, 0x0000000614b7ec88, 0x0000000614c00000| 87%| S|CS|TAMS 0x0000000614800000| PB 0x0000000614800000| Complete 
|  33|0x0000000614c00000, 0x0000000614c00000, 0x0000000615000000|  0%| F|  |TAMS 0x0000000614c00000| PB 0x0000000614c00000| Untracked 
|  34|0x0000000615000000, 0x0000000615000000, 0x0000000615400000|  0%| F|  |TAMS 0x0000000615000000| PB 0x0000000615000000| Untracked 
| 105|0x0000000626c00000, 0x0000000626e248a8, 0x0000000627000000| 53%| E|  |TAMS 0x0000000626c00000| PB 0x0000000626c00000| Complete 
| 106|0x0000000627000000, 0x0000000627400000, 0x0000000627400000|100%| E|CS|TAMS 0x0000000627000000| PB 0x0000000627000000| Complete 
| 107|0x0000000627400000, 0x0000000627800000, 0x0000000627800000|100%| E|CS|TAMS 0x0000000627400000| PB 0x0000000627400000| Complete 
| 108|0x0000000627800000, 0x0000000627c00000, 0x0000000627c00000|100%| E|CS|TAMS 0x0000000627800000| PB 0x0000000627800000| Complete 
| 124|0x000000062b800000, 0x000000062bc00000, 0x000000062bc00000|100%| E|CS|TAMS 0x000000062b800000| PB 0x000000062b800000| Complete 
|1997|0x00000007ffc00000, 0x0000000800000000, 0x0000000800000000|100%| E|CS|TAMS 0x00000007ffc00000| PB 0x00000007ffc00000| Complete 

Card table byte_map: [0x0000707c257ea000,0x0000707c26786000] _byte_map_base: 0x0000707c22786000

Marking Bits: (CMBitMap*) 0x0000707c20045370
 Bits: [0x0000707c00b20000, 0x0000707c08800000)

Polling page: 0x0000707c29e7b000

Metaspace:

Usage:
  Non-class:     23.87 MB used.
      Class:      2.80 MB used.
       Both:     26.67 MB used.

Virtual space:
  Non-class space:       64.00 MB reserved,      24.06 MB ( 38%) committed,  1 nodes.
      Class space:        1.00 GB reserved,       2.94 MB ( <1%) committed,  1 nodes.
             Both:        1.06 GB reserved,      27.00 MB (  2%) committed. 

Chunk freelists:
   Non-Class:  7.69 MB
       Class:  12.94 MB
        Both:  20.63 MB

MaxMetaspaceSize: unlimited
CompressedClassSpaceSize: 1.00 GB
Initial GC threshold: 21.00 MB
Current GC threshold: 35.44 MB
CDS: on
 - commit_granule_bytes: 65536.
 - commit_granule_words: 8192.
 - virtual_space_node_default_size: 8388608.
 - enlarge_chunks_in_place: 1.
 - use_allocation_guard: 0.


Internal statistics:

num_allocs_failed_limit: 3.
num_arena_births: 336.
num_arena_deaths: 0.
num_vsnodes_births: 2.
num_vsnodes_deaths: 0.
num_space_committed: 432.
num_space_uncommitted: 0.
num_chunks_returned_to_freelist: 3.
num_chunks_taken_from_freelist: 1292.
num_chunk_merges: 3.
num_chunk_splits: 953.
num_chunks_enlarged: 743.
num_inconsistent_stats: 0.

CodeHeap 'non-profiled nmethods': size=120028Kb used=5410Kb max_used=5410Kb free=114617Kb
 bounds [0x0000707c102c9000, 0x0000707c10819000, 0x0000707c17800000]
CodeHeap 'profiled nmethods': size=120028Kb used=17250Kb max_used=17250Kb free=102777Kb
 bounds [0x0000707c08800000, 0x0000707c098e0000, 0x0000707c0fd37000]
CodeHeap 'non-nmethods': size=5704Kb used=1420Kb max_used=1524Kb free=4283Kb
 bounds [0x0000707c0fd37000, 0x0000707c0ffa7000, 0x0000707c102c9000]
CodeCache: size=245760Kb, used=24080Kb, max_used=24184Kb, free=221677Kb
 total_blobs=7911, nmethods=7386, adapters=430, full_count=0
Compilation: enabled, stopped_count=0, restarted_count=0

Compilation events (20 events):
Event: 88.353 Thread 0x0000707b787de3a0 7437       4       java.util.HashSet::remove (20 bytes)
Event: 88.353 Thread 0x0000707c20128d90 7441       3       com.sun.tools.javac.util.List::toArray (82 bytes)
Event: 88.362 Thread 0x0000707b780afd60 nmethod 7360 0x0000707c10804910 code [0x0000707c10804b00, 0x0000707c108051d0]
Event: 88.363 Thread 0x0000707c20128d90 nmethod 7441 0x0000707c098d6c10 code [0x0000707c098d6e60, 0x0000707c098d7b70]
Event: 88.373 Thread 0x0000707b780afd60 7221       4       java.util.stream.Sink$ChainedReference::end (10 bytes)
Event: 88.374 Thread 0x0000707b787de3a0 nmethod 7437 0x0000707c10805710 code [0x0000707c108058a0, 0x0000707c10805a40]
Event: 88.374 Thread 0x0000707b787de3a0 7285       4       com.sun.tools.javac.tree.JCTree$JCLiteral::getTag (4 bytes)
Event: 88.385 Thread 0x0000707b780afd60 nmethod 7221 0x0000707c10805b90 code [0x0000707c10805d20, 0x0000707c10805dd8]
Event: 88.385 Thread 0x0000707b780afd60 7213       4       java.nio.ByteBuffer::<init> (47 bytes)
Event: 88.393 Thread 0x0000707b787de3a0 nmethod 7285 0x0000707c10805e90 code [0x0000707c10806000, 0x0000707c10806090]
Event: 88.396 Thread 0x0000707c20128d90 7442       3       com.sun.tools.javac.tree.TreeMaker::NewArray (24 bytes)
Event: 88.403 Thread 0x0000707b787de3a0 7443   !   4       java.lang.Class::getEnumConstantsShared (71 bytes)
Event: 88.413 Thread 0x0000707c20128d90 nmethod 7442 0x0000707c098d7f10 code [0x0000707c098d8100, 0x0000707c098d86c8]
Event: 88.422 Thread 0x0000707b780afd60 nmethod 7213 0x0000707c10806190 code [0x0000707c10806320, 0x0000707c10806688]
Event: 88.433 Thread 0x0000707b780afd60 7352       4       java.util.RegularEnumSet::clear (6 bytes)
Event: 88.435 Thread 0x0000707b780afd60 nmethod 7352 0x0000707c10806810 code [0x0000707c10806980, 0x0000707c10806a10]
Event: 88.436 Thread 0x0000707b780afd60 7366       4       com.sun.tools.javac.tree.JCTree$JCAssign::getTag (4 bytes)
Event: 88.447 Thread 0x0000707b780afd60 nmethod 7366 0x0000707c10806b10 code [0x0000707c10806c80, 0x0000707c10806d10]
Event: 88.447 Thread 0x0000707b780afd60 7369       4       com.sun.tools.javac.code.Type$ArrayType::getTag (4 bytes)
Event: 88.447 Thread 0x0000707b780afd60 nmethod 7369 0x0000707c10806e10 code [0x0000707c10806f80, 0x0000707c10807010]

GC Heap History (20 events):
Event: 30.614 GC heap before
{Heap before GC invocations=1 (full 0):
 garbage-first heap   total 516096K, used 28700K [0x000000060c800000, 0x0000000800000000)
  region size 4096K, 7 young (28672K), 1 survivors (4096K)
 Metaspace       used 10501K, committed 10752K, reserved 1114112K
  class space    used 1276K, committed 1408K, reserved 1048576K
}
Event: 30.671 GC heap after
{Heap after GC invocations=2 (full 0):
 garbage-first heap   total 516096K, used 5996K [0x000000060c800000, 0x0000000800000000)
  region size 4096K, 1 young (4096K), 1 survivors (4096K)
 Metaspace       used 10501K, committed 10752K, reserved 1114112K
  class space    used 1276K, committed 1408K, reserved 1048576K
}
Event: 43.787 GC heap before
{Heap before GC invocations=2 (full 0):
 garbage-first heap   total 516096K, used 55148K [0x000000060c800000, 0x0000000800000000)
  region size 4096K, 13 young (53248K), 1 survivors (4096K)
 Metaspace       used 13790K, committed 14080K, reserved 1114112K
  class space    used 1549K, committed 1728K, reserved 1048576K
}
Event: 43.849 GC heap after
{Heap after GC invocations=3 (full 0):
 garbage-first heap   total 516096K, used 12118K [0x000000060c800000, 0x0000000800000000)
  region size 4096K, 2 young (8192K), 2 survivors (8192K)
 Metaspace       used 13790K, committed 14080K, reserved 1114112K
  class space    used 1549K, committed 1728K, reserved 1048576K
}
Event: 50.388 GC heap before
{Heap before GC invocations=3 (full 0):
 garbage-first heap   total 516096K, used 85846K [0x000000060c800000, 0x0000000800000000)
  region size 4096K, 20 young (81920K), 2 survivors (8192K)
 Metaspace       used 14405K, committed 14720K, reserved 1114112K
  class space    used 1560K, committed 1728K, reserved 1048576K
}
Event: 50.531 GC heap after
{Heap after GC invocations=4 (full 0):
 garbage-first heap   total 516096K, used 18478K [0x000000060c800000, 0x0000000800000000)
  region size 4096K, 3 young (12288K), 3 survivors (12288K)
 Metaspace       used 14405K, committed 14720K, reserved 1114112K
  class space    used 1560K, committed 1728K, reserved 1048576K
}
Event: 59.746 GC heap before
{Heap before GC invocations=4 (full 0):
 garbage-first heap   total 516096K, used 112686K [0x000000060c800000, 0x0000000800000000)
  region size 4096K, 27 young (110592K), 3 survivors (12288K)
 Metaspace       used 16183K, committed 16512K, reserved 1114112K
  class space    used 1703K, committed 1856K, reserved 1048576K
}
Event: 59.901 GC heap after
{Heap after GC invocations=5 (full 0):
 garbage-first heap   total 516096K, used 24668K [0x000000060c800000, 0x0000000800000000)
  region size 4096K, 4 young (16384K), 4 survivors (16384K)
 Metaspace       used 16183K, committed 16512K, reserved 1114112K
  class space    used 1703K, committed 1856K, reserved 1048576K
}
Event: 67.338 GC heap before
{Heap before GC invocations=5 (full 0):
 garbage-first heap   total 516096K, used 82012K [0x000000060c800000, 0x0000000800000000)
  region size 4096K, 20 young (81920K), 4 survivors (16384K)
 Metaspace       used 21095K, committed 21504K, reserved 1114112K
  class space    used 2302K, committed 2496K, reserved 1048576K
}
Event: 67.533 GC heap after
{Heap after GC invocations=6 (full 0):
 garbage-first heap   total 516096K, used 36255K [0x000000060c800000, 0x0000000800000000)
  region size 4096K, 4 young (16384K), 4 survivors (16384K)
 Metaspace       used 21095K, committed 21504K, reserved 1114112K
  class space    used 2302K, committed 2496K, reserved 1048576K
}
Event: 70.207 GC heap before
{Heap before GC invocations=7 (full 0):
 garbage-first heap   total 139264K, used 40351K [0x000000060c800000, 0x0000000800000000)
  region size 4096K, 5 young (20480K), 4 survivors (16384K)
 Metaspace       used 25260K, committed 25728K, reserved 1114112K
  class space    used 2744K, committed 2944K, reserved 1048576K
}
Event: 70.291 GC heap after
{Heap after GC invocations=8 (full 0):
 garbage-first heap   total 139264K, used 38678K [0x000000060c800000, 0x0000000800000000)
  region size 4096K, 1 young (4096K), 1 survivors (4096K)
 Metaspace       used 25260K, committed 25728K, reserved 1114112K
  class space    used 2744K, committed 2944K, reserved 1048576K
}
Event: 76.123 GC heap before
{Heap before GC invocations=8 (full 0):
 garbage-first heap   total 139264K, used 96022K [0x000000060c800000, 0x0000000800000000)
  region size 4096K, 15 young (61440K), 1 survivors (4096K)
 Metaspace       used 25911K, committed 26304K, reserved 1114112K
  class space    used 2789K, committed 2944K, reserved 1048576K
}
Event: 76.255 GC heap after
{Heap after GC invocations=9 (full 0):
 garbage-first heap   total 139264K, used 51397K [0x000000060c800000, 0x0000000800000000)
  region size 4096K, 2 young (8192K), 2 survivors (8192K)
 Metaspace       used 25911K, committed 26304K, reserved 1114112K
  class space    used 2789K, committed 2944K, reserved 1048576K
}
Event: 77.776 GC heap before
{Heap before GC invocations=9 (full 0):
 garbage-first heap   total 139264K, used 96453K [0x000000060c800000, 0x0000000800000000)
  region size 4096K, 13 young (53248K), 2 survivors (8192K)
 Metaspace       used 25953K, committed 26304K, reserved 1114112K
  class space    used 2789K, committed 2944K, reserved 1048576K
}
Event: 77.980 GC heap after
{Heap after GC invocations=10 (full 0):
 garbage-first heap   total 167936K, used 66145K [0x000000060c800000, 0x0000000800000000)
  region size 4096K, 2 young (8192K), 2 survivors (8192K)
 Metaspace       used 25953K, committed 26304K, reserved 1114112K
  class space    used 2789K, committed 2944K, reserved 1048576K
}
Event: 84.305 GC heap before
{Heap before GC invocations=10 (full 0):
 garbage-first heap   total 167936K, used 111201K [0x000000060c800000, 0x0000000800000000)
  region size 4096K, 13 young (53248K), 2 survivors (8192K)
 Metaspace       used 26939K, committed 27328K, reserved 1114112K
  class space    used 2856K, committed 3008K, reserved 1048576K
}
Event: 84.483 GC heap after
{Heap after GC invocations=11 (full 0):
 garbage-first heap   total 167936K, used 75977K [0x000000060c800000, 0x0000000800000000)
  region size 4096K, 2 young (8192K), 2 survivors (8192K)
 Metaspace       used 26939K, committed 27328K, reserved 1114112K
  class space    used 2856K, committed 3008K, reserved 1048576K
}
Event: 86.710 GC heap before
{Heap before GC invocations=11 (full 0):
 garbage-first heap   total 167936K, used 108745K [0x000000060c800000, 0x0000000800000000)
  region size 4096K, 10 young (40960K), 2 survivors (8192K)
 Metaspace       used 27019K, committed 27392K, reserved 1114112K
  class space    used 2856K, committed 3008K, reserved 1048576K
}
Event: 86.811 GC heap after
{Heap after GC invocations=12 (full 0):
 garbage-first heap   total 167936K, used 80847K [0x000000060c800000, 0x0000000800000000)
  region size 4096K, 1 young (4096K), 1 survivors (4096K)
 Metaspace       used 27019K, committed 27392K, reserved 1114112K
  class space    used 2856K, committed 3008K, reserved 1048576K
}

Dll operation events (7 events):
Event: 0.073 Loaded shared library /usr/lib/jvm/java-21-openjdk-amd64/lib/libjava.so
Event: 0.299 Loaded shared library /usr/lib/jvm/java-21-openjdk-amd64/lib/libjsvml.so
Event: 0.358 Loaded shared library /usr/lib/jvm/java-21-openjdk-amd64/lib/libnio.so
Event: 0.417 Loaded shared library /usr/lib/jvm/java-21-openjdk-amd64/lib/libzip.so
Event: 0.585 Loaded shared library /usr/lib/jvm/java-21-openjdk-amd64/lib/libnet.so
Event: 7.287 Loaded shared library /usr/lib/jvm/java-21-openjdk-amd64/lib/libjimage.so
Event: 10.958 Loaded shared library /usr/lib/jvm/java-21-openjdk-amd64/lib/libverify.so

Deoptimization events (20 events):
Event: 88.026 Thread 0x0000707c20019c50 Uncommon trap: trap_request=0xffffffc6 fr.pc=0x0000707c107d9df4 relative=0x00000000000004d4
Event: 88.026 Thread 0x0000707c20019c50 Uncommon trap: reason=bimorphic_or_optimized_type_check action=maybe_recompile pc=0x0000707c107d9df4 method=com.sun.tools.javac.code.Type$ClassType.isErroneous()Z @ 1 c2
Event: 88.026 Thread 0x0000707c20019c50 DEOPT PACKING pc=0x0000707c107d9df4 sp=0x0000707c281fcce0
Event: 88.026 Thread 0x0000707c20019c50 DEOPT UNPACKING pc=0x0000707c0fd8af99 sp=0x0000707c281fcca0 mode 2
Event: 88.027 Thread 0x0000707c20019c50 Uncommon trap: trap_request=0xffffffc6 fr.pc=0x0000707c107e0bd8 relative=0x0000000000001758
Event: 88.027 Thread 0x0000707c20019c50 Uncommon trap: reason=bimorphic_or_optimized_type_check action=maybe_recompile pc=0x0000707c107e0bd8 method=com.sun.tools.javac.comp.Attr.checkIdInternal(Lcom/sun/tools/javac/tree/JCTree;Lcom/sun/tools/javac/code/Type;Lcom/sun/tools/javac/code/Symbol;Lcom
Event: 88.027 Thread 0x0000707c20019c50 DEOPT PACKING pc=0x0000707c107e0bd8 sp=0x0000707c281fc760
Event: 88.027 Thread 0x0000707c20019c50 DEOPT UNPACKING pc=0x0000707c0fd8af99 sp=0x0000707c281fc720 mode 2
Event: 88.027 Thread 0x0000707c20019c50 Uncommon trap: trap_request=0xffffffc6 fr.pc=0x0000707c107d9df4 relative=0x00000000000004d4
Event: 88.027 Thread 0x0000707c20019c50 Uncommon trap: reason=bimorphic_or_optimized_type_check action=maybe_recompile pc=0x0000707c107d9df4 method=com.sun.tools.javac.code.Type$ClassType.isErroneous()Z @ 1 c2
Event: 88.027 Thread 0x0000707c20019c50 DEOPT PACKING pc=0x0000707c107d9df4 sp=0x0000707c281fc700
Event: 88.027 Thread 0x0000707c20019c50 DEOPT UNPACKING pc=0x0000707c0fd8af99 sp=0x0000707c281fc6c0 mode 2
Event: 88.028 Thread 0x0000707c20019c50 Uncommon trap: trap_request=0xffffffc6 fr.pc=0x0000707c107e0bd8 relative=0x0000000000001758
Event: 88.028 Thread 0x0000707c20019c50 Uncommon trap: reason=bimorphic_or_optimized_type_check action=maybe_recompile pc=0x0000707c107e0bd8 method=com.sun.tools.javac.comp.Attr.checkIdInternal(Lcom/sun/tools/javac/tree/JCTree;Lcom/sun/tools/javac/code/Type;Lcom/sun/tools/javac/code/Symbol;Lcom
Event: 88.028 Thread 0x0000707c20019c50 DEOPT PACKING pc=0x0000707c107e0bd8 sp=0x0000707c281fc760
Event: 88.028 Thread 0x0000707c20019c50 DEOPT UNPACKING pc=0x0000707c0fd8af99 sp=0x0000707c281fc720 mode 2
Event: 88.032 Thread 0x0000707c20019c50 Uncommon trap: trap_request=0xffffffc6 fr.pc=0x0000707c107e0bd8 relative=0x0000000000001758
Event: 88.032 Thread 0x0000707c20019c50 Uncommon trap: reason=bimorphic_or_optimized_type_check action=maybe_recompile pc=0x0000707c107e0bd8 method=com.sun.tools.javac.comp.Attr.checkIdInternal(Lcom/sun/tools/javac/tree/JCTree;Lcom/sun/tools/javac/code/Type;Lcom/sun/tools/javac/code/Symbol;Lcom
Event: 88.032 Thread 0x0000707c20019c50 DEOPT PACKING pc=0x0000707c107e0bd8 sp=0x0000707c281fc760
Event: 88.032 Thread 0x0000707c20019c50 DEOPT UNPACKING pc=0x0000707c0fd8af99 sp=0x0000707c281fc720 mode 2

Classes loaded (20 events):
Event: 75.658 Loading class java/nio/file/SimpleFileVisitor
Event: 75.658 Loading class java/nio/file/SimpleFileVisitor done
Event: 75.659 Loading class java/nio/file/Files$3
Event: 75.674 Loading class java/nio/file/Files$3 done
Event: 75.676 Loading class java/nio/file/FileVisitResult
Event: 75.686 Loading class java/nio/file/FileVisitResult done
Event: 75.687 Loading class sun/nio/fs/BasicFileAttributesHolder
Event: 75.691 Loading class sun/nio/fs/BasicFileAttributesHolder done
Event: 78.121 Loading class java/util/ComparableTimSort
Event: 78.122 Loading class java/util/ComparableTimSort done
Event: 78.159 Loading class java/nio/file/Files$2
Event: 78.160 Loading class java/nio/file/Files$2 done
Event: 78.160 Loading class java/util/stream/Nodes$SpinedNodeBuilder
Event: 78.165 Loading class java/util/stream/SpinedBuffer
Event: 78.166 Loading class java/util/stream/AbstractSpinedBuffer
Event: 78.166 Loading class java/util/stream/AbstractSpinedBuffer done
Event: 78.166 Loading class java/util/stream/SpinedBuffer done
Event: 78.166 Loading class java/util/stream/Nodes$SpinedNodeBuilder done
Event: 78.991 Loading class java/nio/file/FileTreeWalker$1
Event: 78.991 Loading class java/nio/file/FileTreeWalker$1 done

Classes unloaded (0 events):
No events

Classes redefined (0 events):
No events

Internal exceptions (20 events):
Event: 61.448 Thread 0x0000707c20019c50 Exception <a 'sun/nio/fs/UnixException'{0x000000062ac45e10}> (0x000000062ac45e10) 
thrown [./src/hotspot/share/prims/jni.cpp, line 520]
Event: 61.450 Thread 0x0000707c20019c50 Exception <a 'sun/nio/fs/UnixException'{0x000000062ac46b18}> (0x000000062ac46b18) 
thrown [./src/hotspot/share/prims/jni.cpp, line 520]
Event: 61.465 Thread 0x0000707c20019c50 Exception <a 'sun/nio/fs/UnixException'{0x000000062ac47808}> (0x000000062ac47808) 
thrown [./src/hotspot/share/prims/jni.cpp, line 520]
Event: 61.474 Thread 0x0000707c20019c50 Exception <a 'sun/nio/fs/UnixException'{0x000000062ac48500}> (0x000000062ac48500) 
thrown [./src/hotspot/share/prims/jni.cpp, line 520]
Event: 63.172 Thread 0x0000707c20019c50 Exception <a 'java/lang/NoSuchMethodError'{0x0000000629cbfd80}: 'void java.lang.invoke.DirectMethodHandle$Holder.invokeVirtual(java.lang.Object, java.lang.Object)'> (0x0000000629cbfd80) 
thrown [./src/hotspot/share/interpreter/linkResolver.cpp, line 772]
Event: 63.193 Thread 0x0000707c20019c50 Exception <a 'java/lang/IncompatibleClassChangeError'{0x0000000629cc77f0}: Found class java.lang.Object, but interface was expected> (0x0000000629cc77f0) 
thrown [./src/hotspot/share/interpreter/linkResolver.cpp, line 840]
Event: 63.194 Thread 0x0000707c20019c50 Exception <a 'java/lang/NoSuchMethodError'{0x0000000629cca580}: 'int java.lang.invoke.DirectMethodHandle$Holder.invokeVirtual(java.lang.Object, java.lang.Object)'> (0x0000000629cca580) 
thrown [./src/hotspot/share/interpreter/linkResolver.cpp, line 772]
Event: 63.214 Thread 0x0000707c20019c50 Exception <a 'java/lang/NoSuchMethodError'{0x0000000629cd0140}: 'void java.lang.invoke.DirectMethodHandle$Holder.invokeInterface(java.lang.Object, java.lang.Object, java.lang.Object)'> (0x0000000629cd0140) 
thrown [./src/hotspot/share/interpreter/linkResolver.cpp, line 772]
Event: 64.063 Thread 0x0000707c20019c50 Exception <a 'java/lang/NoSuchMethodError'{0x0000000629e7baa0}: 'java.lang.Object java.lang.invoke.DirectMethodHandle$Holder.invokeVirtual(java.lang.Object, java.lang.Object, java.lang.Object)'> (0x0000000629e7baa0) 
thrown [./src/hotspot/share/interpreter/linkResolver.cpp, line 772]
Event: 64.107 Thread 0x0000707c20019c50 Exception <a 'java/lang/NoSuchMethodError'{0x0000000629e81dc0}: 'int java.lang.invoke.DirectMethodHandle$Holder.invokeInterface(java.lang.Object, java.lang.Object)'> (0x0000000629e81dc0) 
thrown [./src/hotspot/share/interpreter/linkResolver.cpp, line 772]
Event: 64.931 Thread 0x0000707c20019c50 Exception <a 'java/lang/NoSuchMethodError'{0x0000000628e30428}: 'int java.lang.invoke.DirectMethodHandle$Holder.invokeVirtual(java.lang.Object, java.lang.Object, java.lang.Object)'> (0x0000000628e30428) 
thrown [./src/hotspot/share/interpreter/linkResolver.cpp, line 772]
Event: 65.001 Thread 0x0000707c20019c50 Exception <a 'java/lang/NoSuchMethodError'{0x0000000628e3d1f0}: 'int java.lang.invoke.DirectMethodHandle$Holder.invokeStaticInit(java.lang.Object, java.lang.Object, java.lang.Object)'> (0x0000000628e3d1f0) 
thrown [./src/hotspot/share/interpreter/linkResolver.cpp, line 772]
Event: 66.636 Thread 0x0000707c20019c50 Exception <a 'java/lang/NoSuchMethodError'{0x000000062836d5c8}: 'void java.lang.invoke.DirectMethodHandle$Holder.invokeStatic(java.lang.Object, java.lang.Object)'> (0x000000062836d5c8) 
thrown [./src/hotspot/share/interpreter/linkResolver.cpp, line 772]
Event: 68.002 Thread 0x0000707c20019c50 Exception <a 'java/lang/NoSuchMethodError'{0x000000062b829418}: 'int java.lang.invoke.DirectMethodHandle$Holder.invokeStaticInit(java.lang.Object, java.lang.Object)'> (0x000000062b829418) 
thrown [./src/hotspot/share/interpreter/linkResolver.cpp, line 772]
Event: 68.945 Thread 0x0000707c20019c50 Exception <a 'java/lang/NoSuchMethodError'{0x000000062b90afc8}: 'java.lang.Object java.lang.invoke.DirectMethodHandle$Holder.newInvokeSpecial(java.lang.Object, java.lang.Object, java.lang.Object, java.lang.Object, java.lang.Object, java.lang.Object)'> (0x000000062b90afc8) 
thrown [./src/hotspot/share/interpreter/linkResolver.cpp, line 772]
Event: 75.121 Thread 0x0000707c20019c50 Exception <a 'java/lang/NoSuchMethodError'{0x00000006114ac960}: 'java.lang.Object java.lang.invoke.DirectMethodHandle$Holder.invokeSpecial(java.lang.Object, java.lang.Object, java.lang.Object, int, int)'> (0x00000006114ac960) 
thrown [./src/hotspot/share/interpreter/linkResolver.cpp, line 772]
Event: 75.159 Thread 0x0000707c20019c50 Exception <a 'java/lang/NoSuchMethodError'{0x00000006114b2e28}: 'java.lang.Object java.lang.invoke.DirectMethodHandle$Holder.invokeVirtual(java.lang.Object, java.lang.Object, int)'> (0x00000006114b2e28) 
thrown [./src/hotspot/share/interpreter/linkResolver.cpp, line 772]
Event: 75.959 Thread 0x0000707c20019c50 Exception <a 'java/lang/NoSuchMethodError'{0x00000006110c43f8}: 'void java.lang.invoke.DirectMethodHandle$Holder.invokeSpecial(java.lang.Object, java.lang.Object, java.lang.Object, java.lang.Object, java.lang.Object)'> (0x00000006110c43f8) 
thrown [./src/hotspot/share/interpreter/linkResolver.cpp, line 772]
Event: 78.190 Thread 0x0000707c20019c50 Exception <a 'java/lang/NoSuchMethodError'{0x000000062b8c0ff8}: 'int java.lang.invoke.DirectMethodHandle$Holder.invokeSpecial(java.lang.Object, java.lang.Object, java.lang.Object, java.lang.Object, java.lang.Object)'> (0x000000062b8c0ff8) 
thrown [./src/hotspot/share/interpreter/linkResolver.cpp, line 772]
Event: 79.157 Thread 0x0000707c20019c50 Exception <a 'java/lang/NoSuchMethodError'{0x0000000627a71bd8}: 'java.lang.Object java.lang.invoke.DirectMethodHandle$Holder.invokeVirtual(java.lang.Object, java.lang.Object, java.lang.Object, int, int)'> (0x0000000627a71bd8) 
thrown [./src/hotspot/share/interpreter/linkResolver.cpp, line 772]

ZGC Phase Switch (0 events):
No events

VM Operations (20 events):
Event: 80.168 Executing safepoint VM operation: Cleanup
Event: 80.169 Executing safepoint VM operation: Cleanup done
Event: 81.177 Executing safepoint VM operation: Cleanup
Event: 81.182 Executing safepoint VM operation: Cleanup done
Event: 82.183 Executing safepoint VM operation: Cleanup
Event: 82.183 Executing safepoint VM operation: Cleanup done
Event: 83.183 Executing safepoint VM operation: Cleanup
Event: 83.199 Executing safepoint VM operation: Cleanup done
Event: 84.202 Executing safepoint VM operation: Cleanup
Event: 84.205 Executing safepoint VM operation: Cleanup done
Event: 84.304 Executing safepoint VM operation: G1CollectForAllocation (G1 Evacuation Pause)
Event: 84.487 Executing safepoint VM operation: G1CollectForAllocation (G1 Evacuation Pause) done
Event: 85.487 Executing safepoint VM operation: Cleanup
Event: 85.501 Executing safepoint VM operation: Cleanup done
Event: 86.501 Executing safepoint VM operation: Cleanup
Event: 86.502 Executing safepoint VM operation: Cleanup done
Event: 86.710 Executing safepoint VM operation: G1CollectForAllocation (G1 Evacuation Pause)
Event: 86.815 Executing safepoint VM operation: G1CollectForAllocation (G1 Evacuation Pause) done
Event: 87.827 Executing safepoint VM operation: Cleanup
Event: 87.828 Executing safepoint VM operation: Cleanup done

Memory protections (20 events):
Event: 12.342 Protecting memory [0x0000707c0034f000,0x0000707c00353000] with protection modes 0
Event: 18.274 Protecting memory [0x0000707c0034f000,0x0000707c00353000] with protection modes 0
Event: 18.290 Protecting memory [0x0000707c0024f000,0x0000707c00253000] with protection modes 0
Event: 37.092 Protecting memory [0x0000707c0034f000,0x0000707c00353000] with protection modes 0
Event: 39.978 Protecting memory [0x0000707c0034f000,0x0000707c00353000] with protection modes 0
Event: 42.681 Protecting memory [0x0000707c0034f000,0x0000707c00353000] with protection modes 0
Event: 43.603 Protecting memory [0x0000707c0024f000,0x0000707c00253000] with protection modes 0
Event: 51.627 Protecting memory [0x0000707c0034f000,0x0000707c00353000] with protection modes 0
Event: 55.017 Protecting memory [0x0000707c0034f000,0x0000707c00353000] with protection modes 0
Event: 55.681 Protecting memory [0x0000707c0024f000,0x0000707c00253000] with protection modes 0
Event: 57.585 Protecting memory [0x0000707c0034f000,0x0000707c00353000] with protection modes 0
Event: 58.760 Protecting memory [0x0000707c0034f000,0x0000707c00353000] with protection modes 0
Event: 59.945 Protecting memory [0x0000707c0034f000,0x0000707c00353000] with protection modes 0
Event: 60.816 Protecting memory [0x0000707c0034f000,0x0000707c00353000] with protection modes 0
Event: 61.292 Protecting memory [0x0000707c0024f000,0x0000707c00253000] with protection modes 0
Event: 65.519 Protecting memory [0x0000707c0034f000,0x0000707c00353000] with protection modes 0
Event: 65.547 Protecting memory [0x0000707c0024f000,0x0000707c00253000] with protection modes 0
Event: 69.591 Protecting memory [0x0000707c0034f000,0x0000707c00353000] with protection modes 0
Event: 69.834 Protecting memory [0x0000707c0024f000,0x0000707c00253000] with protection modes 0
Event: 80.442 Protecting memory [0x0000707c0024f000,0x0000707c00253000] with protection modes 0

Nmethod flushes (0 events):
No events

Events (20 events):
Event: 57.281 Thread 0x0000707b78238340 Thread exited: 0x0000707b78238340
Event: 57.286 Thread 0x0000707b786db300 Thread exited: 0x0000707b786db300
Event: 57.585 Thread 0x0000707c20128d90 Thread added: 0x0000707b782c14a0
Event: 58.256 Thread 0x0000707b782c14a0 Thread exited: 0x0000707b782c14a0
Event: 58.756 Thread 0x0000707c20128d90 Thread added: 0x0000707b781b2250
Event: 59.356 Thread 0x0000707b781b2250 Thread exited: 0x0000707b781b2250
Event: 59.945 Thread 0x0000707c20128d90 Thread added: 0x0000707b781b7820
Event: 60.218 Thread 0x0000707b781b7820 Thread exited: 0x0000707b781b7820
Event: 60.814 Thread 0x0000707c201276c0 Thread added: 0x0000707b84021690
Event: 61.287 Thread 0x0000707c20128d90 Thread added: 0x0000707b781d3d10
Event: 62.695 Thread 0x0000707b781d3d10 Thread exited: 0x0000707b781d3d10
Event: 65.132 Thread 0x0000707b84021690 Thread exited: 0x0000707b84021690
Event: 65.517 Thread 0x0000707c201276c0 Thread added: 0x0000707b84021690
Event: 65.547 Thread 0x0000707b84021690 Thread added: 0x0000707b50d8f920
Event: 66.805 Thread 0x0000707b50d8f920 Thread exited: 0x0000707b50d8f920
Event: 66.805 Thread 0x0000707b84021690 Thread exited: 0x0000707b84021690
Event: 69.591 Thread 0x0000707c20128d90 Thread added: 0x0000707b780afd60
Event: 69.832 Thread 0x0000707b780afd60 Thread added: 0x0000707b54049060
Event: 80.183 Thread 0x0000707b54049060 Thread exited: 0x0000707b54049060
Event: 80.438 Thread 0x0000707c20128d90 Thread added: 0x0000707b787de3a0


Dynamic libraries:
60c800000-615400000 rw-p 00000000 00:00 0 
615400000-626c00000 ---p 00000000 00:00 0 
626c00000-627c00000 rw-p 00000000 00:00 0 
627c00000-62b800000 ---p 00000000 00:00 0 
62b800000-62bc00000 rw-p 00000000 00:00 0 
62bc00000-7ffc00000 ---p 00000000 00:00 0 
7ffc00000-7ffd0d000 rw-p 00cdb000 08:02 27140273                         /usr/lib/jvm/java-21-openjdk-amd64/lib/server/classes.jsa
7ffd0d000-800000000 rw-p 00000000 00:00 0 
55d7f127c000-55d7f127d000 r--p 00000000 08:02 27140197                   /usr/lib/jvm/java-21-openjdk-amd64/bin/java
55d7f127d000-55d7f127e000 r-xp 00001000 08:02 27140197                   /usr/lib/jvm/java-21-openjdk-amd64/bin/java
55d7f127e000-55d7f127f000 r--p 00002000 08:02 27140197                   /usr/lib/jvm/java-21-openjdk-amd64/bin/java
55d7f127f000-55d7f1280000 r--p 00002000 08:02 27140197                   /usr/lib/jvm/java-21-openjdk-amd64/bin/java
55d7f1280000-55d7f1281000 rw-p 00003000 08:02 27140197                   /usr/lib/jvm/java-21-openjdk-amd64/bin/java
55d807cec000-55d807d33000 rw-p 00000000 00:00 0                          [heap]
707b48000000-707b49140000 rw-p 00000000 00:00 0 
707b49140000-707b4c000000 ---p 00000000 00:00 0 
707b50000000-707b5122a000 rw-p 00000000 00:00 0 
707b5122a000-707b54000000 ---p 00000000 00:00 0 
707b54000000-707b54ce6000 rw-p 00000000 00:00 0 
707b54ce6000-707b58000000 ---p 00000000 00:00 0 
707b58000000-707b58021000 rw-p 00000000 00:00 0 
707b58021000-707b5c000000 ---p 00000000 00:00 0 
707b5c000000-707b5c021000 rw-p 00000000 00:00 0 
707b5c021000-707b60000000 ---p 00000000 00:00 0 
707b60000000-707b60021000 rw-p 00000000 00:00 0 
707b60021000-707b64000000 ---p 00000000 00:00 0 
707b64000000-707b64021000 rw-p 00000000 00:00 0 
707b64021000-707b68000000 ---p 00000000 00:00 0 
707b68000000-707b685b5000 rw-p 00000000 00:00 0 
707b685b5000-707b6c000000 ---p 00000000 00:00 0 
707b6c000000-707b6c021000 rw-p 00000000 00:00 0 
707b6c021000-707b70000000 ---p 00000000 00:00 0 
707b70000000-707b70021000 rw-p 00000000 00:00 0 
707b70021000-707b74000000 ---p 00000000 00:00 0 
707b74000000-707b74660000 rw-p 00000000 00:00 0 
707b74660000-707b78000000 ---p 00000000 00:00 0 
707b78000000-707b78c3a000 rw-p 00000000 00:00 0 
707b78c3a000-707b7c000000 ---p 00000000 00:00 0 
707b7c000000-707b7c021000 rw-p 00000000 00:00 0 
707b7c021000-707b80000000 ---p 00000000 00:00 0 
707b80000000-707b80021000 rw-p 00000000 00:00 0 
707b80021000-707b84000000 ---p 00000000 00:00 0 
707b84000000-707b85290000 rw-p 00000000 00:00 0 
707b85290000-707b88000000 ---p 00000000 00:00 0 
707b88000000-707b88021000 rw-p 00000000 00:00 0 
707b88021000-707b8c000000 ---p 00000000 00:00 0 
707b8c000000-707b8c021000 rw-p 00000000 00:00 0 
707b8c021000-707b90000000 ---p 00000000 00:00 0 
707b90000000-707b90021000 rw-p 00000000 00:00 0 
707b90021000-707b94000000 ---p 00000000 00:00 0 
707b94000000-707b94021000 rw-p 00000000 00:00 0 
707b94021000-707b98000000 ---p 00000000 00:00 0 
707b98000000-707b98021000 rw-p 00000000 00:00 0 
707b98021000-707b9c000000 ---p 00000000 00:00 0 
707b9f000000-707b9f400000 rw-p 00000000 00:00 0 
707b9f400000-707ba0100000 rw-p 00000000 00:00 0 
707ba0100000-707ba01c0000 rw-p 00000000 00:00 0 
707ba01c0000-707ba0200000 ---p 00000000 00:00 0 
707ba0200000-707ba0850000 rw-p 00000000 00:00 0 
707ba0850000-707ba3000000 ---p 00000000 00:00 0 
707ba3000000-707ba3c9c000 rw-p 00001000 08:02 27140273                   /usr/lib/jvm/java-21-openjdk-amd64/lib/server/classes.jsa
707ba3c9c000-707ba4000000 ---p 00000000 00:00 0 
707ba4000000-707ba4040000 rw-p 00000000 00:00 0 
707ba4040000-707ba4080000 rw-p 00000000 00:00 0 
707ba4080000-707ba41c0000 rw-p 00000000 00:00 0 
707ba41c0000-707ba41e0000 rw-p 00000000 00:00 0 
707ba41e0000-707ba4200000 ---p 00000000 00:00 0 
707ba4200000-707ba4310000 rw-p 00000000 00:00 0 
707ba4310000-707be4000000 ---p 00000000 00:00 0 
707be4000000-707be4021000 rw-p 00000000 00:00 0 
707be4021000-707be8000000 ---p 00000000 00:00 0 
707be8000000-707be8021000 rw-p 00000000 00:00 0 
707be8021000-707bec000000 ---p 00000000 00:00 0 
707bec000000-707bec021000 rw-p 00000000 00:00 0 
707bec021000-707bf0000000 ---p 00000000 00:00 0 
707bf152b000-707bf180f000 rw-p 00000000 00:00 0 
707bf180f000-707bf1810000 ---p 00000000 00:00 0 
707bf1810000-707bf1910000 rw-p 00000000 00:00 0 
707bf1910000-707bf1afb000 rw-p 00000000 00:00 0 
707bf1afb000-707bf1afc000 ---p 00000000 00:00 0 
707bf1afc000-707bf1bfc000 rw-p 00000000 00:00 0 
707bf1bfc000-707bf1bfd000 ---p 00000000 00:00 0 
707bf1bfd000-707bf1cfd000 rw-p 00000000 00:00 0 
707bf1cfd000-707bf1cfe000 ---p 00000000 00:00 0 
707bf1cfe000-707bf1dfe000 rw-p 00000000 00:00 0 
707bf1dfe000-707bf1dff000 ---p 00000000 00:00 0 
707bf1dff000-707bf1eff000 rw-p 00000000 00:00 0 
707bf1eff000-707bf1f00000 ---p 00000000 00:00 0 
707bf1f00000-707bf2000000 rw-p 00000000 00:00 0 
707bf2000000-707bf4021000 rw-p 00000000 00:00 0 
707bf4021000-707bf8000000 ---p 00000000 00:00 0 
707bf8000000-707bf8021000 rw-p 00000000 00:00 0 
707bf8021000-707bfc000000 ---p 00000000 00:00 0 
707bfc000000-707bfc021000 rw-p 00000000 00:00 0 
707bfc021000-707c00000000 ---p 00000000 00:00 0 
707c0004d000-707c0004e000 ---p 00000000 00:00 0 
707c0004e000-707c0014e000 rw-p 00000000 00:00 0 
707c0014e000-707c0014f000 ---p 00000000 00:00 0 
707c0014f000-707c0024f000 rw-p 00000000 00:00 0 
707c0024f000-707c00253000 ---p 00000000 00:00 0 
707c00253000-707c0034f000 rw-p 00000000 00:00 0 
707c0034f000-707c00353000 ---p 00000000 00:00 0 
707c00353000-707c0044f000 rw-p 00000000 00:00 0 
707c0044f000-707c00453000 ---p 00000000 00:00 0 
707c00453000-707c0054f000 rw-p 00000000 00:00 0 
707c0054f000-707c00553000 ---p 00000000 00:00 0 
707c00553000-707c0064f000 rw-p 00000000 00:00 0 
707c0064f000-707c00654000 r--p 00000000 08:02 27140255                   /usr/lib/jvm/java-21-openjdk-amd64/lib/libjsvml.so
707c00654000-707c00695000 r-xp 00005000 08:02 27140255                   /usr/lib/jvm/java-21-openjdk-amd64/lib/libjsvml.so
707c00695000-707c0071e000 r--p 00046000 08:02 27140255                   /usr/lib/jvm/java-21-openjdk-amd64/lib/libjsvml.so
707c0071e000-707c0071f000 r--p 000ce000 08:02 27140255                   /usr/lib/jvm/java-21-openjdk-amd64/lib/libjsvml.so
707c0071f000-707c00720000 rw-p 000cf000 08:02 27140255                   /usr/lib/jvm/java-21-openjdk-amd64/lib/libjsvml.so
707c00720000-707c00724000 ---p 00000000 00:00 0 
707c00724000-707c00820000 rw-p 00000000 00:00 0 
707c00820000-707c00824000 ---p 00000000 00:00 0 
707c00824000-707c00920000 rw-p 00000000 00:00 0 
707c00920000-707c00924000 ---p 00000000 00:00 0 
707c00924000-707c00a20000 rw-p 00000000 00:00 0 
707c00a20000-707c00a24000 ---p 00000000 00:00 0 
707c00a24000-707c00b20000 rw-p 00000000 00:00 0 
707c00b20000-707c00d50000 rw-p 00000000 00:00 0 
707c00d50000-707c011b0000 ---p 00000000 00:00 0 
707c011b0000-707c011f0000 rw-p 00000000 00:00 0 
707c011f0000-707c012e0000 ---p 00000000 00:00 0 
707c012e0000-707c012f0000 rw-p 00000000 00:00 0 
707c012f0000-707c087f0000 ---p 00000000 00:00 0 
707c087f0000-707c08800000 rw-p 00000000 00:00 0 
707c08800000-707c098e0000 rwxp 00000000 00:00 0 
707c098e0000-707c0fd37000 ---p 00000000 00:00 0 
707c0fd37000-707c0ffa7000 rwxp 00000000 00:00 0 
707c0ffa7000-707c102c9000 ---p 00000000 00:00 0 
707c102c9000-707c10819000 rwxp 00000000 00:00 0 
707c10819000-707c17800000 ---p 00000000 00:00 0 
707c17800000-707c1fe51000 r--s 00000000 08:02 27140272                   /usr/lib/jvm/java-21-openjdk-amd64/lib/modules
707c1fef0000-707c1fef4000 r--p 00000000 08:02 27140270                   /usr/lib/jvm/java-21-openjdk-amd64/lib/libverify.so
707c1fef4000-707c1fefb000 r-xp 00004000 08:02 27140270                   /usr/lib/jvm/java-21-openjdk-amd64/lib/libverify.so
707c1fefb000-707c1fefd000 r--p 0000b000 08:02 27140270                   /usr/lib/jvm/java-21-openjdk-amd64/lib/libverify.so
707c1fefd000-707c1feff000 r--p 0000c000 08:02 27140270                   /usr/lib/jvm/java-21-openjdk-amd64/lib/libverify.so
707c1feff000-707c1ff00000 rw-p 0000e000 08:02 27140270                   /usr/lib/jvm/java-21-openjdk-amd64/lib/libverify.so
707c1ff00000-707c1ff04000 ---p 00000000 00:00 0 
707c1ff04000-707c20000000 rw-p 00000000 00:00 0 
707c20000000-707c21521000 rw-p 00000000 00:00 0 
707c21521000-707c24004000 ---p 00000000 00:00 0 
707c24004000-707c24100000 rw-p 00000000 00:00 0 
707c24100000-707c24104000 ---p 00000000 00:00 0 
707c24104000-707c24200000 rw-p 00000000 00:00 0 
707c24200000-707c24775000 r--p 00000000 08:02 26479172                   /usr/lib/locale/locale-archive
707c2477f000-707c24780000 ---p 00000000 00:00 0 
707c24780000-707c24880000 rw-p 00000000 00:00 0 
707c24880000-707c24881000 ---p 00000000 00:00 0 
707c24881000-707c24981000 rw-p 00000000 00:00 0 
707c24981000-707c24a9e000 rw-p 00000000 00:00 0 
707c24a9e000-707c24a9f000 ---p 00000000 00:00 0 
707c24a9f000-707c24b9f000 rw-p 00000000 00:00 0 
707c24b9f000-707c24ba0000 ---p 00000000 00:00 0 
707c24ba0000-707c24ca0000 rw-p 00000000 00:00 0 
707c24ca0000-707c254a8000 rw-p 00000000 00:00 0 
707c254a8000-707c254a9000 ---p 00000000 00:00 0 
707c254a9000-707c255a9000 rw-p 00000000 00:00 0 
707c255a9000-707c255aa000 ---p 00000000 00:00 0 
707c255aa000-707c256aa000 rw-p 00000000 00:00 0 
707c256aa000-707c256ab000 ---p 00000000 00:00 0 
707c256ab000-707c257ab000 rw-p 00000000 00:00 0 
707c257ab000-707c25830000 rw-p 00000000 00:00 0 
707c25830000-707c258bc000 ---p 00000000 00:00 0 
707c258bc000-707c258c4000 rw-p 00000000 00:00 0 
707c258c4000-707c258e2000 ---p 00000000 00:00 0 
707c258e2000-707c258e4000 rw-p 00000000 00:00 0 
707c258e4000-707c26784000 ---p 00000000 00:00 0 
707c26784000-707c267cc000 rw-p 00000000 00:00 0 
707c267cc000-707c26858000 ---p 00000000 00:00 0 
707c26858000-707c26860000 rw-p 00000000 00:00 0 
707c26860000-707c2687e000 ---p 00000000 00:00 0 
707c2687e000-707c26880000 rw-p 00000000 00:00 0 
707c26880000-707c27720000 ---p 00000000 00:00 0 
707c27720000-707c27f35000 rw-p 00000000 00:00 0 
707c27f35000-707c28015000 ---p 00000000 00:00 0 
707c28015000-707c28037000 rw-p 00000000 00:00 0 
707c28037000-707c28100000 ---p 00000000 00:00 0 
707c28100000-707c28104000 ---p 00000000 00:00 0 
707c28104000-707c28200000 rw-p 00000000 00:00 0 
707c28200000-707c2829d000 r--p 00000000 08:02 26513345                   /usr/lib/x86_64-linux-gnu/libstdc++.so.6.0.33
707c2829d000-707c283e5000 r-xp 0009d000 08:02 26513345                   /usr/lib/x86_64-linux-gnu/libstdc++.so.6.0.33
707c283e5000-707c2846c000 r--p 001e5000 08:02 26513345                   /usr/lib/x86_64-linux-gnu/libstdc++.so.6.0.33
707c2846c000-707c28477000 r--p 0026b000 08:02 26513345                   /usr/lib/x86_64-linux-gnu/libstdc++.so.6.0.33
707c28477000-707c2847a000 rw-p 00276000 08:02 26513345                   /usr/lib/x86_64-linux-gnu/libstdc++.so.6.0.33
707c2847a000-707c2847e000 rw-p 00000000 00:00 0 
707c2848b000-707c2848d000 r--p 00000000 08:02 27140271                   /usr/lib/jvm/java-21-openjdk-amd64/lib/libzip.so
707c2848d000-707c28492000 r-xp 00002000 08:02 27140271                   /usr/lib/jvm/java-21-openjdk-amd64/lib/libzip.so
707c28492000-707c28494000 r--p 00007000 08:02 27140271                   /usr/lib/jvm/java-21-openjdk-amd64/lib/libzip.so
707c28494000-707c28495000 r--p 00008000 08:02 27140271                   /usr/lib/jvm/java-21-openjdk-amd64/lib/libzip.so
707c28495000-707c28496000 rw-p 00009000 08:02 27140271                   /usr/lib/jvm/java-21-openjdk-amd64/lib/libzip.so
707c28496000-707c28517000 rw-p 00000000 00:00 0 
707c28517000-707c28527000 r--p 00000000 08:02 26479105                   /usr/lib/x86_64-linux-gnu/libm.so.6
707c28527000-707c285a6000 r-xp 00010000 08:02 26479105                   /usr/lib/x86_64-linux-gnu/libm.so.6
707c285a6000-707c285fe000 r--p 0008f000 08:02 26479105                   /usr/lib/x86_64-linux-gnu/libm.so.6
707c285fe000-707c285ff000 r--p 000e7000 08:02 26479105                   /usr/lib/x86_64-linux-gnu/libm.so.6
707c285ff000-707c28600000 rw-p 000e8000 08:02 26479105                   /usr/lib/x86_64-linux-gnu/libm.so.6
707c28600000-707c288a2000 r--p 00000000 08:02 27140276                   /usr/lib/jvm/java-21-openjdk-amd64/lib/server/libjvm.so
707c288a2000-707c29719000 r-xp 002a2000 08:02 27140276                   /usr/lib/jvm/java-21-openjdk-amd64/lib/server/libjvm.so
707c29719000-707c299f4000 r--p 01119000 08:02 27140276                   /usr/lib/jvm/java-21-openjdk-amd64/lib/server/libjvm.so
707c299f4000-707c29ac8000 r--p 013f3000 08:02 27140276                   /usr/lib/jvm/java-21-openjdk-amd64/lib/server/libjvm.so
707c29ac8000-707c29af8000 rw-p 014c7000 08:02 27140276                   /usr/lib/jvm/java-21-openjdk-amd64/lib/server/libjvm.so
707c29af8000-707c29b5e000 rw-p 00000000 00:00 0 
707c29b62000-707c29b65000 r--p 00000000 08:02 27140263                   /usr/lib/jvm/java-21-openjdk-amd64/lib/libnet.so
707c29b65000-707c29b6d000 r-xp 00003000 08:02 27140263                   /usr/lib/jvm/java-21-openjdk-amd64/lib/libnet.so
707c29b6d000-707c29b6f000 r--p 0000b000 08:02 27140263                   /usr/lib/jvm/java-21-openjdk-amd64/lib/libnet.so
707c29b6f000-707c29b70000 r--p 0000c000 08:02 27140263                   /usr/lib/jvm/java-21-openjdk-amd64/lib/libnet.so
707c29b70000-707c29b71000 rw-p 0000d000 08:02 27140263                   /usr/lib/jvm/java-21-openjdk-amd64/lib/libnet.so
707c29b71000-707c29b78000 r--p 00000000 08:02 27140264                   /usr/lib/jvm/java-21-openjdk-amd64/lib/libnio.so
707c29b78000-707c29b81000 r-xp 00007000 08:02 27140264                   /usr/lib/jvm/java-21-openjdk-amd64/lib/libnio.so
707c29b81000-707c29b85000 r--p 00010000 08:02 27140264                   /usr/lib/jvm/java-21-openjdk-amd64/lib/libnio.so
707c29b85000-707c29b86000 r--p 00014000 08:02 27140264                   /usr/lib/jvm/java-21-openjdk-amd64/lib/libnio.so
707c29b86000-707c29b87000 rw-p 00015000 08:02 27140264                   /usr/lib/jvm/java-21-openjdk-amd64/lib/libnio.so
707c29b87000-707c29bcb000 rw-p 00000000 00:00 0 
707c29bcb000-707c29bd2000 ---p 00000000 00:00 0 
707c29bd2000-707c29bd6000 r--p 00000000 08:02 26505278                   /usr/lib/x86_64-linux-gnu/libgcc_s.so.1
707c29bd6000-707c29bfa000 r-xp 00004000 08:02 26505278                   /usr/lib/x86_64-linux-gnu/libgcc_s.so.1
707c29bfa000-707c29bfe000 r--p 00028000 08:02 26505278                   /usr/lib/x86_64-linux-gnu/libgcc_s.so.1
707c29bfe000-707c29bff000 r--p 0002b000 08:02 26505278                   /usr/lib/x86_64-linux-gnu/libgcc_s.so.1
707c29bff000-707c29c00000 rw-p 0002c000 08:02 26505278                   /usr/lib/x86_64-linux-gnu/libgcc_s.so.1
707c29c00000-707c29c28000 r--p 00000000 08:02 26479102                   /usr/lib/x86_64-linux-gnu/libc.so.6
707c29c28000-707c29db0000 r-xp 00028000 08:02 26479102                   /usr/lib/x86_64-linux-gnu/libc.so.6
707c29db0000-707c29dff000 r--p 001b0000 08:02 26479102                   /usr/lib/x86_64-linux-gnu/libc.so.6
707c29dff000-707c29e03000 r--p 001fe000 08:02 26479102                   /usr/lib/x86_64-linux-gnu/libc.so.6
707c29e03000-707c29e05000 rw-p 00202000 08:02 26479102                   /usr/lib/x86_64-linux-gnu/libc.so.6
707c29e05000-707c29e12000 rw-p 00000000 00:00 0 
707c29e18000-707c29e25000 r--p 00000000 08:02 27140247                   /usr/lib/jvm/java-21-openjdk-amd64/lib/libjava.so
707c29e25000-707c29e34000 r-xp 0000d000 08:02 27140247                   /usr/lib/jvm/java-21-openjdk-amd64/lib/libjava.so
707c29e34000-707c29e39000 r--p 0001c000 08:02 27140247                   /usr/lib/jvm/java-21-openjdk-amd64/lib/libjava.so
707c29e39000-707c29e3a000 r--p 00021000 08:02 27140247                   /usr/lib/jvm/java-21-openjdk-amd64/lib/libjava.so
707c29e3a000-707c29e3b000 rw-p 00022000 08:02 27140247                   /usr/lib/jvm/java-21-openjdk-amd64/lib/libjava.so
707c29e3b000-707c29e3e000 rw-p 00000000 00:00 0 
707c29e3e000-707c29e40000 r--p 00000000 08:02 27140251                   /usr/lib/jvm/java-21-openjdk-amd64/lib/libjli.so
707c29e40000-707c29e4a000 r-xp 00002000 08:02 27140251                   /usr/lib/jvm/java-21-openjdk-amd64/lib/libjli.so
707c29e4a000-707c29e4d000 r--p 0000c000 08:02 27140251                   /usr/lib/jvm/java-21-openjdk-amd64/lib/libjli.so
707c29e4d000-707c29e4e000 r--p 0000f000 08:02 27140251                   /usr/lib/jvm/java-21-openjdk-amd64/lib/libjli.so
707c29e4e000-707c29e4f000 rw-p 00010000 08:02 27140251                   /usr/lib/jvm/java-21-openjdk-amd64/lib/libjli.so
707c29e4f000-707c29e51000 r--p 00000000 08:02 26492779                   /usr/lib/x86_64-linux-gnu/libz.so.1.3
707c29e51000-707c29e63000 r-xp 00002000 08:02 26492779                   /usr/lib/x86_64-linux-gnu/libz.so.1.3
707c29e63000-707c29e69000 r--p 00014000 08:02 26492779                   /usr/lib/x86_64-linux-gnu/libz.so.1.3
707c29e69000-707c29e6a000 r--p 0001a000 08:02 26492779                   /usr/lib/x86_64-linux-gnu/libz.so.1.3
707c29e6a000-707c29e6b000 rw-p 0001b000 08:02 26492779                   /usr/lib/x86_64-linux-gnu/libz.so.1.3
707c29e6c000-707c29e73000 r--s 00000000 08:02 26479060                   /usr/lib/x86_64-linux-gnu/gconv/gconv-modules.cache
707c29e73000-707c29e7b000 rw-s 00000000 08:02 23855445                   /tmp/hsperfdata_abel/57679
707c29e7b000-707c29e7c000 ---p 00000000 00:00 0 
707c29e7c000-707c29e7d000 r--p 00000000 00:00 0 
707c29e7d000-707c29e7e000 ---p 00000000 00:00 0 
707c29e7e000-707c29e80000 r--p 00000000 08:02 27140250                   /usr/lib/jvm/java-21-openjdk-amd64/lib/libjimage.so
707c29e80000-707c29e83000 r-xp 00002000 08:02 27140250                   /usr/lib/jvm/java-21-openjdk-amd64/lib/libjimage.so
707c29e83000-707c29e84000 r--p 00005000 08:02 27140250                   /usr/lib/jvm/java-21-openjdk-amd64/lib/libjimage.so
707c29e84000-707c29e85000 r--p 00006000 08:02 27140250                   /usr/lib/jvm/java-21-openjdk-amd64/lib/libjimage.so
707c29e85000-707c29e86000 rw-p 00007000 08:02 27140250                   /usr/lib/jvm/java-21-openjdk-amd64/lib/libjimage.so
707c29e86000-707c29e88000 rw-p 00000000 00:00 0 
707c29e88000-707c29e8c000 r--p 00000000 00:00 0                          [vvar]
707c29e8c000-707c29e8e000 r--p 00000000 00:00 0                          [vvar_vclock]
707c29e8e000-707c29e90000 r-xp 00000000 00:00 0                          [vdso]
707c29e90000-707c29e91000 r--p 00000000 08:02 26479099                   /usr/lib/x86_64-linux-gnu/ld-linux-x86-64.so.2
707c29e91000-707c29ebc000 r-xp 00001000 08:02 26479099                   /usr/lib/x86_64-linux-gnu/ld-linux-x86-64.so.2
707c29ebc000-707c29ec6000 r--p 0002c000 08:02 26479099                   /usr/lib/x86_64-linux-gnu/ld-linux-x86-64.so.2
707c29ec6000-707c29ec8000 r--p 00036000 08:02 26479099                   /usr/lib/x86_64-linux-gnu/ld-linux-x86-64.so.2
707c29ec8000-707c29eca000 rw-p 00038000 08:02 26479099                   /usr/lib/x86_64-linux-gnu/ld-linux-x86-64.so.2
7ffd043ee000-7ffd04410000 rw-p 00000000 00:00 0                          [stack]
ffffffffff600000-ffffffffff601000 --xp 00000000 00:00 0                  [vsyscall]
Total number of mappings: 264

JVMTI agents: none


VM Arguments:
jvm_args: -Djansi.mode=force -Dclassworlds.conf=/usr/share/maven/bin/m2.conf -Dmaven.home=/usr/share/maven -Dlibrary.jansi.path=/usr/share/maven/lib/jansi-native -Dmaven.multiModuleProjectDirectory=/home/abel/Desktop/PROJECTS/2026-projects/hms/hospital-management-system 
java_command: org.codehaus.plexus.classworlds.launcher.Launcher clean install -DskipTests
java_class_path (initial): /usr/share/maven/boot/plexus-classworlds-2.x.jar
Launcher Type: SUN_STANDARD

[Global flags]
     intx CICompilerCount                          = 4                                         {product} {ergonomic}
     uint ConcGCThreads                            = 2                                         {product} {ergonomic}
     uint G1ConcRefinementThreads                  = 8                                         {product} {ergonomic}
   size_t G1HeapRegionSize                         = 4194304                                   {product} {ergonomic}
    uintx GCDrainStackTargetSize                   = 64                                        {product} {ergonomic}
   size_t InitialHeapSize                          = 524288000                                 {product} {ergonomic}
   size_t MarkStackSize                            = 4194304                                   {product} {ergonomic}
   size_t MaxHeapSize                              = 8380219392                                {product} {ergonomic}
   size_t MaxNewSize                               = 5024776192                                {product} {ergonomic}
   size_t MinHeapDeltaBytes                        = 4194304                                   {product} {ergonomic}
   size_t MinHeapSize                              = 8388608                                   {product} {ergonomic}
    uintx NonNMethodCodeHeapSize                   = 5839372                                {pd product} {ergonomic}
    uintx NonProfiledCodeHeapSize                  = 122909434                              {pd product} {ergonomic}
    uintx ProfiledCodeHeapSize                     = 122909434                              {pd product} {ergonomic}
    uintx ReservedCodeCacheSize                    = 251658240                              {pd product} {ergonomic}
     bool SegmentedCodeCache                       = true                                      {product} {ergonomic}
   size_t SoftMaxHeapSize                          = 8380219392                             {manageable} {ergonomic}
     bool UseCompressedOops                        = true                           {product lp64_product} {ergonomic}
     bool UseG1GC                                  = true                                      {product} {ergonomic}

Logging:
Log output configuration:
 #0: stdout all=warning uptime,level,tags foldmultilines=false
 #1: stderr all=off uptime,level,tags foldmultilines=false

Release file:
IMPLEMENTOR="Ubuntu"
JAVA_RUNTIME_VERSION="21.0.11+10-1-24.04.2-Ubuntu"
JAVA_VERSION="21.0.11"
JAVA_VERSION_DATE="2026-04-21"
LIBC="gnu"
MODULES="java.base java.compiler java.datatransfer java.xml java.prefs java.desktop java.instrument java.logging java.management java.security.sasl java.naming java.rmi java.management.rmi java.net.http java.scripting java.security.jgss java.transaction.xa java.sql java.sql.rowset java.xml.crypto java.se java.smartcardio jdk.accessibility jdk.internal.jvmstat jdk.attach jdk.charsets jdk.internal.opt jdk.zipfs jdk.compiler jdk.crypto.ec jdk.crypto.cryptoki jdk.dynalink jdk.internal.ed jdk.editpad jdk.hotspot.agent jdk.httpserver jdk.incubator.vector jdk.internal.le jdk.internal.vm.ci jdk.internal.vm.compiler jdk.internal.vm.compiler.management jdk.jartool jdk.javadoc jdk.jcmd jdk.management jdk.management.agent jdk.jconsole jdk.jdeps jdk.jdwp.agent jdk.jdi jdk.jfr jdk.jlink jdk.jpackage jdk.jshell jdk.jsobject jdk.jstatd jdk.localedata jdk.management.jfr jdk.naming.dns jdk.naming.rmi jdk.net jdk.nio.mapmode jdk.random jdk.sctp jdk.security.auth jdk.security.jgss jdk.unsupported jdk.unsupported.desktop jdk.xml.dom"
OS_ARCH="x86_64"
OS_NAME="Linux"
SOURCE=""

Environment Variables:
PATH=/home/abel/.local/bin:/usr/local/sbin:/usr/local/bin:/usr/sbin:/usr/bin:/sbin:/bin:/usr/games:/usr/local/games:/snap/bin:/snap/bin:/home/abel/.antigravity/extensions/vscjava.vscode-java-debug-0.59.0-universal/bundled/scripts/noConfigScripts
USERNAME=abel
SHELL=/usr/bin/zsh
DISPLAY=:0
WAYLAND_DISPLAY=wayland-0
LANG=en_US.UTF-8
TERM=xterm-256color

Active Locale:
LC_ALL=en_US.UTF-8
LC_COLLATE=en_US.UTF-8
LC_CTYPE=en_US.UTF-8
LC_MESSAGES=en_US.UTF-8
LC_MONETARY=en_US.UTF-8
LC_NUMERIC=en_US.UTF-8
LC_TIME=en_US.UTF-8

Signal Handlers:
   SIGSEGV: crash_handler in libjvm.so, mask=11100100010111111101111111111110, flags=SA_RESTART|SA_SIGINFO, unblocked
    SIGBUS: crash_handler in libjvm.so, mask=11100100010111111101111111111110, flags=SA_RESTART|SA_SIGINFO, unblocked
    SIGFPE: crash_handler in libjvm.so, mask=11100100010111111101111111111110, flags=SA_RESTART|SA_SIGINFO, unblocked
   SIGPIPE: javaSignalHandler in libjvm.so, mask=11100100010111111101111111111110, flags=SA_RESTART|SA_SIGINFO, blocked
   SIGXFSZ: javaSignalHandler in libjvm.so, mask=11100100010111111101111111111110, flags=SA_RESTART|SA_SIGINFO, blocked
    SIGILL: crash_handler in libjvm.so, mask=11100100010111111101111111111110, flags=SA_RESTART|SA_SIGINFO, unblocked
   SIGUSR2: SR_handler in libjvm.so, mask=00000000000000000000000000000000, flags=SA_RESTART|SA_SIGINFO, blocked
    SIGHUP: UserHandler in libjvm.so, mask=11100100010111111101111111111110, flags=SA_RESTART|SA_SIGINFO, blocked
    SIGINT: UserHandler in libjvm.so, mask=11100100010111111101111111111110, flags=SA_RESTART|SA_SIGINFO, blocked
   SIGTERM: UserHandler in libjvm.so, mask=11100100010111111101111111111110, flags=SA_RESTART|SA_SIGINFO, blocked
   SIGQUIT: UserHandler in libjvm.so, mask=11100100010111111101111111111110, flags=SA_RESTART|SA_SIGINFO, blocked
   SIGTRAP: crash_handler in libjvm.so, mask=11100100010111111101111111111110, flags=SA_RESTART|SA_SIGINFO, unblocked


Periodic native trim disabled

---------------  S Y S T E M  ---------------

OS:
DISTRIB_ID=Ubuntu
DISTRIB_RELEASE=24.04
DISTRIB_CODENAME=noble
DISTRIB_DESCRIPTION="Ubuntu 24.04.4 LTS"
uname: Linux 6.17.0-14-generic #14~24.04.1-Ubuntu SMP PREEMPT_DYNAMIC Thu Jan 15 15:52:10 UTC 2 x86_64
OS uptime: 0 days 5:19 hours
libc: glibc 2.39 NPTL 2.39 
rlimit (soft/hard): STACK 8192k/infinity , CORE 0k/infinity , NPROC 127348/127348 , NOFILE 1048576/1048576 , AS infinity/infinity , CPU infinity/infinity , DATA infinity/infinity , FSIZE infinity/infinity , MEMLOCK 4090296k/4090296k
load average: 27.91 13.28 7.17

/proc/meminfo:
MemTotal:       32722392 kB
MemFree:         2701088 kB
MemAvailable:   11169464 kB
Buffers:          780244 kB
Cached:          9778648 kB
SwapCached:            0 kB
Active:         21196720 kB
Inactive:        5516896 kB
Active(anon):   18347596 kB
Inactive(anon):        0 kB
Active(file):    2849124 kB
Inactive(file):  5516896 kB
Unevictable:     1549864 kB
Mlocked:             208 kB
SwapTotal:       4194300 kB
SwapFree:        4194300 kB
Zswap:                 0 kB
Zswapped:              0 kB
Dirty:             10188 kB
Writeback:             0 kB
AnonPages:      17704960 kB
Mapped:          2499008 kB
Shmem:           2192900 kB
KReclaimable:     689316 kB
Slab:            1072540 kB
SReclaimable:     689316 kB
SUnreclaim:       383224 kB
KernelStack:       43920 kB
PageTables:       177404 kB
SecPageTables:      2816 kB
NFS_Unstable:          0 kB
Bounce:                0 kB
WritebackTmp:          0 kB
CommitLimit:    20555496 kB
Committed_AS:   76000628 kB
VmallocTotal:   34359738367 kB
VmallocUsed:       97540 kB
VmallocChunk:          0 kB
Percpu:            11328 kB
HardwareCorrupted:     0 kB
AnonHugePages:      2048 kB
ShmemHugePages:        0 kB
ShmemPmdMapped:        0 kB
FileHugePages:    425984 kB
FilePmdMapped:         0 kB
CmaTotal:              0 kB
CmaFree:               0 kB
Unaccepted:            0 kB
Balloon:               0 kB
HugePages_Total:       0
HugePages_Free:        0
HugePages_Rsvd:        0
HugePages_Surp:        0
Hugepagesize:       2048 kB
Hugetlb:               0 kB
DirectMap4k:      339300 kB
DirectMap2M:    10004480 kB
DirectMap1G:    23068672 kB

/sys/kernel/mm/transparent_hugepage/enabled: always [madvise] never
/sys/kernel/mm/transparent_hugepage/hpage_pmd_size: 2097152
/sys/kernel/mm/transparent_hugepage/defrag (defrag/compaction efforts parameter): always defer defer+madvise [madvise] never

Process Memory:
Virtual Size: 11748348K (peak: 11810896K)
Resident Set Size: 374732K (peak: 374732K) (anon: 342456K, file: 32276K, shmem: 0K)
Swapped out: 0K
C-Heap outstanding allocations: 80138K, retained: 57157K
glibc malloc tunables: (default)

/proc/sys/kernel/threads-max (system-wide limit on the number of threads): 254696
/proc/sys/vm/max_map_count (maximum number of memory map areas a process may have): 1048576
/proc/sys/vm/swappiness (control to define how aggressively the kernel swaps out anonymous memory): 60
/proc/sys/kernel/pid_max (system-wide limit on number of process identifiers): 4194304

container information not found.
Steal ticks since vm start: 0
Steal ticks percentage since vm start:  0.000

CPU: total 8 (initial active 8) (4 cores per cpu, 2 threads per core) family 6 model 142 stepping 10 microcode 0x84, cx8, cmov, fxsr, ht, mmx, 3dnowpref, sse, sse2, sse3, ssse3, sse4.1, sse4.2, popcnt, lzcnt, tsc, tscinvbit, avx, avx2, aes, erms, clmul, bmi1, bmi2, rtm, adx, fma, vzeroupper, clflush, clflushopt, rdtscp, f16c
CPU Model and flags from /proc/cpuinfo:
model name	: Intel(R) Core(TM) i7-8650U CPU @ 1.90GHz
flags		: fpu vme de pse tsc msr pae mce cx8 apic sep mtrr pge mca cmov pat pse36 clflush dts acpi mmx fxsr sse sse2 ss ht tm pbe syscall nx pdpe1gb rdtscp lm constant_tsc art arch_perfmon pebs bts rep_good nopl xtopology nonstop_tsc cpuid aperfmperf pni pclmulqdq dtes64 monitor ds_cpl vmx smx est tm2 ssse3 sdbg fma cx16 xtpr pdcm pcid sse4_1 sse4_2 x2apic movbe popcnt tsc_deadline_timer aes xsave avx f16c rdrand lahf_lm abm 3dnowprefetch cpuid_fault epb pti ibrs ibpb stibp tpr_shadow flexpriority ept vpid ept_ad fsgsbase tsc_adjust bmi1 hle avx2 smep bmi2 erms invpcid rtm mpx rdseed adx smap clflushopt intel_pt xsaveopt xsavec xgetbv1 xsaves dtherm ida arat pln pts hwp hwp_notify hwp_act_window hwp_epp vnmi

Online cpus: 0-7
Offline cpus: 
BIOS frequency limitation: <Not Available>
Frequency switch latency (ns): 0
Available cpu frequencies: <Not Available>
Current governor: powersave
Core performance/turbo boost: <Not Available>

Memory: 4k page, physical 32722392k(11169464k free), swap 4194300k(4194300k free)
Page Sizes: 4k

vm_info: OpenJDK 64-Bit Server VM (21.0.11+10-1-24.04.2-Ubuntu) for linux-amd64 JRE (21.0.11+10-1-24.04.2-Ubuntu), built on 2026-04-26T09:33:23Z by "buildd" with gcc 13.3.0

END.
